inventory_id,node_id,sku_id,units_on_hand,reorder_point,max_capacity,daily_storage_cost_eur
1,FC_BCN1,SKU_0065,150,22,225,0.073
2,FC_BCN1,SKU_0209,102,22,225,0.0264
3,FC_BCN1,SKU_0091,195,70,700,0.0217
4,FC_BCN1,SKU_0069,153,22,225,0.0632
5,FC_BCN1,SKU_0204,14,6,62,0.062
6,FC_BCN1,SKU_0102,18,6,62,0.0532
7,FC_BCN1,SKU_0021,83,22,225,0.0265
8,FC_BCN1,SKU_0096,197,70,700,0.1399
9,FC_BCN1,SKU_0104,324,70,700,0.1216
10,FC_BCN1,SKU_0118,97,22,225,0.1264
11,FC_BCN1,SKU_0145,93,22,225,0.013
12,FC_BCN1,SKU_0063,141,22,225,0.0834
13,FC_BCN1,SKU_0179,12,6,62,0.1107
14,FC_BCN1,SKU_0058,35,6,62,0.0518
15,FC_BCN1,SKU_0077,210,70,700,0.1918
16,FC_BCN1,SKU_0176,129,22,225,0.1218
17,FC_BCN1,SKU_0212,440,70,700,0.0343
18,FC_BCN1,SKU_0218,152,22,225,0.0982
19,FC_BCN1,SKU_0244,84,22,225,0.1175
20,FC_BCN1,SKU_0168,58,22,225,0.1261
21,FC_BCN1,SKU_0220,307,70,700,0.1432
22,FC_BCN1,SKU_0167,88,22,225,0.1364
23,FC_BCN1,SKU_0195,42,22,225,0.1626
24,FC_BCN1,SKU_0009,30,6,62,0.0796
25,FC_BCN1,SKU_0024,202,70,700,0.116
26,FC_BCN1,SKU_0242,401,70,700,0.0618
27,FC_BCN1,SKU_0098,116,22,225,0.0721
28,FC_BCN1,SKU_0097,22,6,62,0.1157
29,FC_BCN1,SKU_0142,90,22,225,0.0729
30,FC_BCN1,SKU_0122,83,22,225,0.1116
31,FC_BCN1,SKU_0015,77,22,225,0.1105
32,FC_BCN1,SKU_0164,48,6,62,0.0557
33,FC_BCN1,SKU_0003,64,22,225,0.1449
34,FC_BCN1,SKU_0180,284,70,700,0.1592
35,FC_BCN1,SKU_0044,116,22,225,0.1192
36,FC_BCN1,SKU_0022,22,6,62,0.1106
37,FC_BCN1,SKU_0128,20,6,62,0.0905
38,FC_BCN1,SKU_0112,15,6,62,0.1133
39,FC_BCN1,SKU_0166,380,70,700,0.0824
40,FC_BCN1,SKU_0201,109,22,225,0.0917
41,FC_BCN1,SKU_0085,28,6,62,0.1545
42,FC_BCN1,SKU_0240,13,6,62,0.0976
43,FC_BCN1,SKU_0025,322,70,700,0.0981
44,FC_BCN1,SKU_0136,97,22,225,0.0239
45,FC_BCN1,SKU_0011,80,22,225,0.0534
46,FC_BCN1,SKU_0059,164,70,700,0.1853
47,FC_BCN1,SKU_0055,24,6,62,0.1189
48,FC_BCN1,SKU_0178,18,6,62,0.0511
49,FC_BCN1,SKU_0146,286,70,700,0.1826
50,FC_BCN1,SKU_0221,25,6,62,0.0811
51,FC_BCN1,SKU_0070,80,22,225,0.0643
52,FC_BCN1,SKU_0012,113,22,225,0.1695
53,FC_BCN1,SKU_0020,274,70,700,0.0365
54,FC_BCN1,SKU_0235,104,22,225,0.106
55,FC_BCN1,SKU_0072,101,22,225,0.0473
56,FC_BCN1,SKU_0140,32,6,62,0.1717
57,FC_BCN1,SKU_0249,63,22,225,0.0716
58,FC_BCN1,SKU_0169,80,22,225,0.1292
59,FC_BCN2,SKU_0023,104,22,225,0.0276
60,FC_BCN2,SKU_0091,334,70,700,0.0217
61,FC_BCN2,SKU_0142,80,22,225,0.0729
62,FC_BCN2,SKU_0024,281,70,700,0.116
63,FC_BCN2,SKU_0153,199,70,700,0.1749
64,FC_BCN2,SKU_0154,315,70,700,0.1297
65,FC_BCN2,SKU_0201,79,22,225,0.0917
66,FC_BCN2,SKU_0084,91,22,225,0.0963
67,FC_BCN2,SKU_0222,89,22,225,0.1142
68,FC_BCN2,SKU_0099,30,6,62,0.1293
69,FC_BCN2,SKU_0004,64,22,225,0.163
70,FC_BCN2,SKU_0075,64,22,225,0.1779
71,FC_BCN2,SKU_0106,94,22,225,0.0092
72,FC_BCN2,SKU_0100,102,22,225,0.1933
73,FC_BCN2,SKU_0200,211,70,700,0.1258
74,FC_BCN2,SKU_0022,42,6,62,0.1106
75,FC_BCN2,SKU_0186,71,22,225,0.1195
76,FC_BCN2,SKU_0231,34,6,62,0.158
77,FC_BCN2,SKU_0144,305,70,700,0.1504
78,FC_BCN2,SKU_0063,67,22,225,0.0834
79,FC_BCN2,SKU_0147,201,70,700,0.1576
80,FC_BCN2,SKU_0134,132,22,225,0.186
81,FC_BCN2,SKU_0044,136,22,225,0.1192
82,FC_BCN2,SKU_0176,33,22,225,0.1218
83,FC_BCN2,SKU_0098,105,22,225,0.0721
84,FC_BCN2,SKU_0228,107,22,225,0.176
85,FC_MAD1,SKU_0052,234,70,700,0.1822
86,FC_MAD1,SKU_0123,133,70,700,0.1597
87,FC_MAD1,SKU_0081,11,6,62,0.1071
88,FC_MAD1,SKU_0046,15,6,62,0.1875
89,FC_MAD1,SKU_0102,29,6,62,0.0532
90,FC_MAD1,SKU_0082,102,22,225,0.0514
91,FC_MAD1,SKU_0075,81,22,225,0.1779
92,FC_MAD1,SKU_0189,75,22,225,0.0665
93,FC_MAD1,SKU_0178,17,6,62,0.0511
94,FC_MAD1,SKU_0163,67,22,225,0.0865
95,FC_MAD1,SKU_0126,205,70,700,0.0503
96,FC_MAD1,SKU_0148,16,6,62,0.1727
97,FC_MAD1,SKU_0201,113,22,225,0.0917
98,FC_MAD1,SKU_0063,84,22,225,0.0834
99,FC_MAD1,SKU_0084,93,22,225,0.0963
100,FC_MAD1,SKU_0097,21,6,62,0.1157
101,FC_MAD1,SKU_0072,105,22,225,0.0473
102,FC_MAD1,SKU_0210,101,22,225,0.0661
103,FC_MAD1,SKU_0202,277,70,700,0.1375
104,FC_MAD1,SKU_0101,15,6,62,0.1209
105,FC_MAD1,SKU_0094,82,22,225,0.0556
106,FC_MAD1,SKU_0030,225,70,700,0.0521
107,FC_MAD1,SKU_0145,68,22,225,0.013
108,FC_MAD1,SKU_0250,30,6,62,0.0181
109,FC_MAD1,SKU_0152,72,22,225,0.0341
110,FC_MAD1,SKU_0140,14,6,62,0.1717
111,FC_MAD1,SKU_0047,144,22,225,0.0316
112,FC_MAD1,SKU_0175,517,70,700,0.0594
113,FC_MAD1,SKU_0197,210,70,700,0.0336
114,FC_MAD1,SKU_0141,92,22,225,0.1684
115,FC_MAD1,SKU_0007,27,6,62,0.0793
116,FC_MAD1,SKU_0187,84,22,225,0.1234
117,FC_MAD1,SKU_0119,346,70,700,0.0216
118,FC_MAD1,SKU_0182,51,22,225,0.0761
119,FC_MAD1,SKU_0054,75,22,225,0.0889
120,FC_MAD1,SKU_0113,30,6,62,0.1173
121,FC_MAD1,SKU_0205,301,70,700,0.1092
122,FC_MAD1,SKU_0244,57,22,225,0.1175
123,FC_MAD1,SKU_0242,257,70,700,0.0618
124,FC_MAD1,SKU_0018,99,22,225,0.1215
125,FC_MAD1,SKU_0233,23,6,62,0.1035
126,FC_MAD1,SKU_0204,16,6,62,0.062
127,FC_MAD1,SKU_0209,97,22,225,0.0264
128,FC_MAD1,SKU_0105,290,70,700,0.1457
129,FC_MAD1,SKU_0173,24,6,62,0.0602
130,FC_MAD1,SKU_0128,23,6,62,0.0905
131,FC_MAD1,SKU_0036,257,70,700,0.1999
132,FC_MAD1,SKU_0241,28,6,62,0.0095
133,FC_MAD1,SKU_0078,30,6,62,0.0294
134,FC_MAD1,SKU_0062,30,22,225,0.0832
135,FC_MAD1,SKU_0065,88,22,225,0.073
136,FC_MAD1,SKU_0169,57,22,225,0.1292
137,FC_MAD1,SKU_0040,208,70,700,0.1939
138,FC_MAD1,SKU_0184,255,70,700,0.0988
139,FC_MAD1,SKU_0109,63,22,225,0.1501
140,FC_MAD1,SKU_0235,103,22,225,0.106
141,FC_MAD1,SKU_0019,101,22,225,0.0281
142,FC_MAD1,SKU_0115,53,22,225,0.1179
143,FC_MAD1,SKU_0154,327,70,700,0.1297
144,FC_MAD1,SKU_0249,126,22,225,0.0716
145,FC_MAD1,SKU_0150,55,22,225,0.025
146,FC_MAD1,SKU_0103,116,22,225,0.0689
147,FC_MAD1,SKU_0137,111,22,225,0.0357
148,FC_MAD1,SKU_0130,70,22,225,0.0618
149,FC_MAD1,SKU_0212,272,70,700,0.0343
150,FC_MAD1,SKU_0108,91,22,225,0.0939
151,FC_MAD1,SKU_0225,94,22,225,0.1668
152,FC_MAD1,SKU_0010,111,22,225,0.136
153,FC_MAD1,SKU_0093,21,6,62,0.1265
154,FC_MAD2,SKU_0027,12,6,62,0.132
155,FC_MAD2,SKU_0205,449,70,700,0.1092
156,FC_MAD2,SKU_0224,185,70,700,0.1435
157,FC_MAD2,SKU_0138,97,22,225,0.0995
158,FC_MAD2,SKU_0048,324,70,700,0.0909
159,FC_MAD2,SKU_0094,85,22,225,0.0556
160,FC_MAD2,SKU_0084,106,22,225,0.0963
161,FC_MAD2,SKU_0051,110,22,225,0.0454
162,FC_MAD2,SKU_0118,58,22,225,0.1264
163,FC_MAD2,SKU_0030,417,70,700,0.0521
164,FC_MAD2,SKU_0068,40,22,225,0.03
165,FC_MAD2,SKU_0172,72,22,225,0.1469
166,FC_MAD2,SKU_0221,25,6,62,0.0811
167,FC_MAD2,SKU_0126,199,70,700,0.0503
168,FC_MAD2,SKU_0136,113,22,225,0.0239
169,FC_MAD2,SKU_0164,20,6,62,0.0557
170,FC_MAD2,SKU_0081,18,6,62,0.1071
171,FC_MAD2,SKU_0153,147,70,700,0.1749
172,FC_MAD2,SKU_0100,92,22,225,0.1933
173,FC_MAD2,SKU_0157,20,6,62,0.0266
174,FC_MAD2,SKU_0101,26,6,62,0.1209
175,FC_MAD2,SKU_0151,45,22,225,0.1812
176,FC_MAD2,SKU_0241,19,6,62,0.0095
177,FC_MAD2,SKU_0090,91,22,225,0.0469
178,FC_MAD2,SKU_0091,301,70,700,0.0217
179,FC_MAD2,SKU_0217,93,22,225,0.1043
180,FC_MAD2,SKU_0242,348,70,700,0.0618
181,FC_MAD2,SKU_0159,96,22,225,0.139
182,FC_MAD2,SKU_0045,173,70,700,0.0827
183,FC_MAD2,SKU_0209,94,22,225,0.0264
184,FC_MAD2,SKU_0173,16,6,62,0.0602
185,FC_MAD2,SKU_0181,170,70,700,0.0304
186,FC_MAD2,SKU_0249,87,22,225,0.0716
187,FC_MAD2,SKU_0077,268,70,700,0.1918
188,FC_MAD2,SKU_0158,34,6,62,0.0631
189,FC_MAD2,SKU_0152,123,22,225,0.0341
190,FC_MAD2,SKU_0022,24,6,62,0.1106
191,FC_MAD2,SKU_0220,286,70,700,0.1432
192,FC_MAD2,SKU_0035,138,70,700,0.0415
193,FC_MAD2,SKU_0234,20,6,62,0.016
194,FC_MAD2,SKU_0031,96,22,225,0.1772
195,FC_MAD2,SKU_0062,50,22,225,0.0832
196,FC_MAD2,SKU_0079,30,6,62,0.1789
197,FC_MAD2,SKU_0228,78,22,225,0.176
198,FC_MAD2,SKU_0047,73,22,225,0.0316
199,FC_MAD2,SKU_0096,295,70,700,0.1399
200,FC_MAD2,SKU_0178,23,6,62,0.0511
201,FC_MAD2,SKU_0037,85,22,225,0.0993
202,FC_MAD2,SKU_0131,143,22,225,0.0686
203,FC_MAD2,SKU_0232,37,6,62,0.0435
204,FC_MAD2,SKU_0108,118,22,225,0.0939
205,FC_MAD2,SKU_0233,35,6,62,0.1035
206,FC_MAD2,SKU_0036,383,70,700,0.1999
207,FC_MAD2,SKU_0148,28,6,62,0.1727
208,FC_MAD2,SKU_0099,36,6,62,0.1293
209,FC_MAD2,SKU_0109,69,22,225,0.1501
210,FC_MAD2,SKU_0246,125,70,700,0.108
211,FC_MAD2,SKU_0125,68,22,225,0.122
212,FC_MAD2,SKU_0163,71,22,225,0.0865
213,FC_MAD2,SKU_0247,170,70,700,0.081
214,FC_MAD2,SKU_0204,16,6,62,0.062
215,FC_PAR1,SKU_0207,92,22,225,0.1436
216,FC_PAR1,SKU_0016,49,22,225,0.1995
217,FC_PAR1,SKU_0146,169,70,700,0.1826
218,FC_PAR1,SKU_0090,92,22,225,0.0469
219,FC_PAR1,SKU_0137,86,22,225,0.0357
220,FC_PAR1,SKU_0072,117,22,225,0.0473
221,FC_PAR1,SKU_0153,166,70,700,0.1749
222,FC_PAR1,SKU_0138,101,22,225,0.0995
223,FC_PAR1,SKU_0044,98,22,225,0.1192
224,FC_PAR1,SKU_0083,254,70,700,0.1406
225,FC_PAR1,SKU_0181,212,70,700,0.0304
226,FC_PAR1,SKU_0075,87,22,225,0.1779
227,FC_PAR1,SKU_0239,31,6,62,0.132
228,FC_PAR1,SKU_0147,248,70,700,0.1576
229,FC_PAR1,SKU_0069,112,22,225,0.0632
230,FC_PAR1,SKU_0220,257,70,700,0.1432
231,FC_PAR1,SKU_0132,136,22,225,0.1112
232,FC_PAR1,SKU_0231,25,6,62,0.158
233,FC_PAR1,SKU_0174,23,6,62,0.1719
234,FC_PAR1,SKU_0209,46,22,225,0.0264
235,FC_PAR1,SKU_0025,160,70,700,0.0981
236,FC_PAR1,SKU_0035,312,70,700,0.0415
237,FC_PAR1,SKU_0193,83,22,225,0.0741
238,FC_PAR1,SKU_0202,303,70,700,0.1375
239,FC_PAR1,SKU_0106,71,22,225,0.0092
240,FC_PAR1,SKU_0249,85,22,225,0.0716
241,FC_PAR1,SKU_0071,227,70,700,0.1584
242,FC_PAR1,SKU_0222,97,22,225,0.1142
243,FC_PAR1,SKU_0168,84,22,225,0.1261
244,FC_PAR1,SKU_0033,38,6,62,0.0163
245,FC_PAR1,SKU_0180,222,70,700,0.1592
246,FC_PAR1,SKU_0034,120,22,225,0.1613
247,FC_PAR1,SKU_0064,17,6,62,0.0566
248,FC_PAR1,SKU_0038,240,70,700,0.0816
249,FC_PAR1,SKU_0183,18,6,62,0.0143
250,FC_PAR1,SKU_0241,34,6,62,0.0095
251,FC_PAR1,SKU_0213,28,6,62,0.1278
252,FC_PAR1,SKU_0218,93,22,225,0.0982
253,FC_PAR2,SKU_0005,228,70,700,0.0476
254,FC_PAR2,SKU_0032,134,70,700,0.0247
255,FC_PAR2,SKU_0238,367,70,700,0.1989
256,FC_PAR2,SKU_0220,273,70,700,0.1432
257,FC_PAR2,SKU_0041,301,70,700,0.0984
258,FC_PAR2,SKU_0113,27,6,62,0.1173
259,FC_PAR2,SKU_0117,15,6,62,0.0797
260,FC_PAR2,SKU_0001,371,70,700,0.0592
261,FC_PAR2,SKU_0110,108,22,225,0.0595
262,FC_PAR2,SKU_0052,323,70,700,0.1822
263,FC_PAR2,SKU_0177,27,6,62,0.0457
264,FC_PAR2,SKU_0233,22,6,62,0.1035
265,FC_PAR2,SKU_0034,96,22,225,0.1613
266,FC_PAR2,SKU_0226,141,70,700,0.0658
267,FC_PAR2,SKU_0167,146,22,225,0.1364
268,FC_PAR2,SKU_0078,42,6,62,0.0294
269,FC_PAR2,SKU_0246,344,70,700,0.108
270,FC_PAR2,SKU_0224,360,70,700,0.1435
271,FC_PAR2,SKU_0225,129,22,225,0.1668
272,FC_PAR2,SKU_0071,286,70,700,0.1584
273,FC_PAR2,SKU_0024,154,70,700,0.116
274,FC_PAR2,SKU_0168,105,22,225,0.1261
275,FC_PAR2,SKU_0093,22,6,62,0.1265
276,FC_PAR2,SKU_0065,78,22,225,0.073
277,FC_PAR2,SKU_0022,15,6,62,0.1106
278,FC_PAR2,SKU_0096,347,70,700,0.1399
279,FC_PAR2,SKU_0171,302,70,700,0.1102
280,FC_PAR2,SKU_0236,81,22,225,0.1055
281,FC_PAR2,SKU_0043,35,6,62,0.1165
282,FC_PAR2,SKU_0014,116,22,225,0.1834
283,FC_PAR2,SKU_0102,18,6,62,0.0532
284,FC_PAR2,SKU_0161,235,70,700,0.0427
285,FC_PAR2,SKU_0079,31,6,62,0.1789
286,FC_PAR2,SKU_0186,84,22,225,0.1195
287,FC_PAR2,SKU_0180,323,70,700,0.1592
288,FC_PAR2,SKU_0194,332,70,700,0.0268
289,FC_PAR2,SKU_0060,372,70,700,0.142
290,FC_PAR2,SKU_0242,333,70,700,0.0618
291,FC_PAR2,SKU_0229,187,70,700,0.1404
292,FC_PAR2,SKU_0230,68,22,225,0.1372
293,FC_PAR2,SKU_0181,303,70,700,0.0304
294,FC_PAR2,SKU_0025,153,70,700,0.0981
295,FC_PAR2,SKU_0243,112,22,225,0.1268
296,FC_PAR2,SKU_0055,16,6,62,0.1189
297,FC_PAR2,SKU_0123,247,70,700,0.1597
298,FC_PAR2,SKU_0020,376,70,700,0.0365
299,FC_PAR2,SKU_0248,45,22,225,0.1482
300,FC_PAR2,SKU_0152,87,22,225,0.0341
301,FC_PAR2,SKU_0058,24,6,62,0.0518
302,FC_PAR2,SKU_0133,98,22,225,0.1026
303,FC_PAR2,SKU_0175,447,70,700,0.0594
304,FC_PAR2,SKU_0114,13,6,62,0.0548
305,FC_PAR2,SKU_0003,76,22,225,0.1449
306,FC_PAR2,SKU_0198,281,70,700,0.1088
307,FC_BER1,SKU_0164,17,6,62,0.0557
308,FC_BER1,SKU_0153,261,70,700,0.1749
309,FC_BER1,SKU_0019,55,22,225,0.0281
310,FC_BER1,SKU_0136,51,22,225,0.0239
311,FC_BER1,SKU_0228,85,22,225,0.176
312,FC_BER1,SKU_0004,80,22,225,0.163
313,FC_BER1,SKU_0093,21,6,62,0.1265
314,FC_BER1,SKU_0240,13,6,62,0.0976
315,FC_BER1,SKU_0082,95,22,225,0.0514
316,FC_BER1,SKU_0034,82,22,225,0.1613
317,FC_BER1,SKU_0100,114,22,225,0.1933
318,FC_BER1,SKU_0221,29,6,62,0.0811
319,FC_BER1,SKU_0215,54,22,225,0.1605
320,FC_BER1,SKU_0146,313,70,700,0.1826
321,FC_BER1,SKU_0108,73,22,225,0.0939
322,FC_BER1,SKU_0094,131,22,225,0.0556
323,FC_BER1,SKU_0140,24,6,62,0.1717
324,FC_BER1,SKU_0175,237,70,700,0.0594
325,FC_BER1,SKU_0045,245,70,700,0.0827
326,FC_BER1,SKU_0196,153,70,700,0.0589
327,FC_BER1,SKU_0121,124,22,225,0.1423
328,FC_BER1,SKU_0198,458,70,700,0.1088
329,FC_BER1,SKU_0248,43,22,225,0.1482
330,FC_BER1,SKU_0005,258,70,700,0.0476
331,FC_BER1,SKU_0151,87,22,225,0.1812
332,FC_BER1,SKU_0018,73,22,225,0.1215
333,FC_BER1,SKU_0245,122,22,225,0.0526
334,FC_BER1,SKU_0068,123,22,225,0.03
335,FC_BER1,SKU_0056,83,22,225,0.187
336,FC_BER1,SKU_0011,145,22,225,0.0534
337,FC_BER1,SKU_0016,90,22,225,0.1995
338,FC_BER1,SKU_0203,83,22,225,0.1222
339,FC_BER1,SKU_0102,27,6,62,0.0532
340,FC_BER1,SKU_0130,69,22,225,0.0618
341,FC_BER1,SKU_0074,35,6,62,0.0345
342,FC_BER1,SKU_0161,331,70,700,0.0427
343,FC_BER1,SKU_0183,22,6,62,0.0143
344,FC_BER1,SKU_0129,84,22,225,0.0682
345,FC_BER1,SKU_0197,203,70,700,0.0336
346,FC_BER1,SKU_0107,97,22,225,0.0775
347,FC_BER1,SKU_0109,55,22,225,0.1501
348,FC_BER1,SKU_0180,280,70,700,0.1592
349,FC_BER1,SKU_0103,76,22,225,0.0689
350,FC_BER1,SKU_0022,29,6,62,0.1106
351,FC_BER1,SKU_0250,32,6,62,0.0181
352,FC_BER1,SKU_0138,111,22,225,0.0995
353,FC_BER1,SKU_0205,269,70,700,0.1092
354,FC_BER1,SKU_0158,19,6,62,0.0631
355,FC_BER1,SKU_0040,254,70,700,0.1939
356,FC_BER1,SKU_0072,89,22,225,0.0473
357,FC_BER1,SKU_0207,103,22,225,0.1436
358,FC_BER1,SKU_0080,20,6,62,0.1502
359,FC_BER1,SKU_0021,63,22,225,0.0265
360,FC_BER1,SKU_0131,94,22,225,0.0686
361,FC_BER1,SKU_0053,394,70,700,0.1556
362,FC_BER1,SKU_0202,437,70,700,0.1375
363,FC_MUN1,SKU_0142,156,22,225,0.0729
364,FC_MUN1,SKU_0206,22,6,62,0.014
365,FC_MUN1,SKU_0234,32,6,62,0.016
366,FC_MUN1,SKU_0183,28,6,62,0.0143
367,FC_MUN1,SKU_0190,79,22,225,0.0979
368,FC_MUN1,SKU_0168,141,22,225,0.1261
369,FC_MUN1,SKU_0108,74,22,225,0.0939
370,FC_MUN1,SKU_0058,33,6,62,0.0518
371,FC_MUN1,SKU_0083,336,70,700,0.1406
372,FC_MUN1,SKU_0064,25,6,62,0.0566
373,FC_MUN1,SKU_0107,68,22,225,0.0775
374,FC_MUN1,SKU_0235,81,22,225,0.106
375,FC_MUN1,SKU_0185,212,70,700,0.0215
376,FC_MUN1,SKU_0082,68,22,225,0.0514
377,FC_MUN1,SKU_0070,63,22,225,0.0643
378,FC_MUN1,SKU_0212,226,70,700,0.0343
379,FC_MUN1,SKU_0020,287,70,700,0.0365
380,FC_MUN1,SKU_0147,225,70,700,0.1576
381,FC_MUN1,SKU_0096,395,70,700,0.1399
382,FC_MUN1,SKU_0031,63,22,225,0.1772
383,FC_MUN1,SKU_0129,90,22,225,0.0682
384,FC_MUN1,SKU_0173,25,6,62,0.0602
385,FC_MUN1,SKU_0014,73,22,225,0.1834
386,FC_MUN1,SKU_0046,27,6,62,0.1875
387,FC_MUN1,SKU_0243,60,22,225,0.1268
388,FC_MUN1,SKU_0249,132,22,225,0.0716
389,FC_MUN1,SKU_0133,137,22,225,0.1026
390,1DC_MAD,SKU_0195,340,175,1750,0.065
391,1DC_MAD,SKU_0169,770,175,1750,0.0517
392,1DC_MAD,SKU_0097,206,45,450,0.0463
393,1DC_MAD,SKU_0218,490,175,1750,0.0393
394,1DC_MAD,SKU_0189,745,175,1750,0.0266
395,1DC_MAD,SKU_0187,170,175,1750,0.0494
396,1DC_MAD,SKU_0079,148,45,450,0.0716
397,1DC_MAD,SKU_0027,192,45,450,0.0528
398,1DC_MAD,SKU_0053,2497,500,5000,0.0622
399,1DC_MAD,SKU_0136,690,175,1750,0.0096
400,1DC_MAD,SKU_0061,2301,500,5000,0.0737
401,1DC_MAD,SKU_0108,875,175,1750,0.0376
402,1DC_MAD,SKU_0126,2763,500,5000,0.0201
403,1DC_MAD,SKU_0016,849,175,1750,0.0798
404,1DC_MAD,SKU_0037,412,175,1750,0.0397
405,1DC_MAD,SKU_0183,279,45,450,0.0057
406,1DC_MAD,SKU_0072,800,175,1750,0.0189
407,1DC_MAD,SKU_0024,1876,500,5000,0.0464
408,1DC_MAD,SKU_0012,781,175,1750,0.0678
409,1DC_MAD,SKU_0060,2006,500,5000,0.0568
410,1DC_MAD,SKU_0230,896,175,1750,0.0549
411,1DC_MAD,SKU_0217,385,175,1750,0.0417
412,1DC_MAD,SKU_0134,673,175,1750,0.0744
413,1DC_MAD,SKU_0106,659,175,1750,0.0037
414,1DC_MAD,SKU_0180,3830,500,5000,0.0637
415,1DC_MAD,SKU_0096,2599,500,5000,0.056
416,1DC_MAD,SKU_0118,741,175,1750,0.0506
417,1DC_MAD,SKU_0192,366,175,1750,0.0342
418,1DC_MAD,SKU_0022,206,45,450,0.0442
419,1DC_MAD,SKU_0149,700,175,1750,0.0206
420,1DC_MAD,SKU_0025,2668,500,5000,0.0392
421,1DC_MAD,SKU_0130,738,175,1750,0.0247
422,1DC_MAD,SKU_0035,1689,500,5000,0.0166
423,1DC_MAD,SKU_0164,281,45,450,0.0223
424,1DC_MAD,SKU_0210,729,175,1750,0.0264
425,1DC_MAD,SKU_0101,208,45,450,0.0483
426,1DC_MAD,SKU_0020,1965,500,5000,0.0146
427,1DC_MAD,SKU_0152,790,175,1750,0.0136
428,1DC_MAD,SKU_0146,1481,500,5000,0.073
429,1DC_MAD,SKU_0237,126,45,450,0.0746
430,1DC_MAD,SKU_0112,123,45,450,0.0453
431,1DC_MAD,SKU_0170,1596,500,5000,0.0758
432,1DC_MAD,SKU_0034,619,175,1750,0.0645
433,1DC_MAD,SKU_0240,184,45,450,0.039
434,1DC_MAD,SKU_0075,659,175,1750,0.0712
435,1DC_MAD,SKU_0067,1116,175,1750,0.0078
436,1DC_MAD,SKU_0081,225,45,450,0.0428
437,1DC_MAD,SKU_0215,596,175,1750,0.0642
438,1DC_MAD,SKU_0226,2109,500,5000,0.0263
439,1DC_MAD,SKU_0246,2933,500,5000,0.0432
440,1DC_MAD,SKU_0084,478,175,1750,0.0385
441,1DC_MAD,SKU_0082,669,175,1750,0.0205
442,1DC_MAD,SKU_0116,2154,500,5000,0.0216
443,1DC_MAD,SKU_0070,576,175,1750,0.0257
444,1DC_MAD,SKU_0231,187,45,450,0.0632
445,1DC_MAD,SKU_0214,90,45,450,0.051
446,1DC_MAD,SKU_0052,1501,500,5000,0.0729
447,1DC_MAD,SKU_0247,1884,500,5000,0.0324
448,1DC_MAD,SKU_0150,731,175,1750,0.01
449,1DC_MAD,SKU_0028,1849,500,5000,0.0286
450,1DC_BCN,SKU_0233,149,45,450,0.0414
451,1DC_BCN,SKU_0048,3082,500,5000,0.0364
452,1DC_BCN,SKU_0071,1635,500,5000,0.0634
453,1DC_BCN,SKU_0072,906,175,1750,0.0189
454,1DC_BCN,SKU_0115,182,175,1750,0.0471
455,1DC_BCN,SKU_0227,1640,500,5000,0.013
456,1DC_BCN,SKU_0039,665,175,1750,0.0591
457,1DC_BCN,SKU_0009,197,45,450,0.0319
458,1DC_BCN,SKU_0158,184,45,450,0.0253
459,1DC_BCN,SKU_0159,666,175,1750,0.0556
460,1DC_BCN,SKU_0242,1928,500,5000,0.0247
461,1DC_BCN,SKU_0063,513,175,1750,0.0334
462,1DC_BCN,SKU_0166,2074,500,5000,0.033
463,1DC_BCN,SKU_0076,1180,500,5000,0.0533
464,1DC_BCN,SKU_0128,115,45,450,0.0362
465,1DC_BCN,SKU_0106,629,175,1750,0.0037
466,1DC_BCN,SKU_0226,2315,500,5000,0.0263
467,1DC_BCN,SKU_0141,836,175,1750,0.0674
468,1DC_BCN,SKU_0123,856,500,5000,0.0639
469,1DC_BCN,SKU_0016,810,175,1750,0.0798
470,1DC_BCN,SKU_0023,743,175,1750,0.011
471,1DC_BCN,SKU_0247,1906,500,5000,0.0324
472,1DC_BCN,SKU_0099,151,45,450,0.0517
473,1DC_BCN,SKU_0036,2562,500,5000,0.0799
474,1DC_BCN,SKU_0108,864,175,1750,0.0376
475,1DC_BCN,SKU_0052,1846,500,5000,0.0729
476,1DC_BCN,SKU_0165,195,45,450,0.0387
477,1DC_BCN,SKU_0205,1750,500,5000,0.0437
478,1DC_BCN,SKU_0135,103,45,450,0.0496
479,1DC_BCN,SKU_0064,138,45,450,0.0226
480,1DC_BCN,SKU_0162,602,175,1750,0.0366
481,1DC_BCN,SKU_0206,115,45,450,0.0056
482,1DC_BCN,SKU_0140,312,45,450,0.0687
483,1DC_BCN,SKU_0204,173,45,450,0.0248
484,1DC_BCN,SKU_0005,1360,500,5000,0.0191
485,1DC_BCN,SKU_0098,544,175,1750,0.0288
486,1DC_BCN,SKU_0201,513,175,1750,0.0367
487,1DC_BCN,SKU_0183,145,45,450,0.0057
488,1DC_BCN,SKU_0092,1000,175,1750,0.063
489,1DC_BCN,SKU_0232,75,45,450,0.0174
490,1DC_BCN,SKU_0218,532,175,1750,0.0393
491,1DC_BCN,SKU_0214,141,45,450,0.051
492,1DC_BCN,SKU_0125,570,175,1750,0.0488
493,1DC_BCN,SKU_0089,1442,500,5000,0.0356
494,1DC_BCN,SKU_0145,367,175,1750,0.0052
495,1DC_BCN,SKU_0129,453,175,1750,0.0273
496,1DC_BCN,SKU_0083,2675,500,5000,0.0562
497,1DC_BCN,SKU_0100,663,175,1750,0.0773
498,1DC_BCN,SKU_0070,826,175,1750,0.0257
499,1DC_BCN,SKU_0047,1026,175,1750,0.0126
500,1DC_BCN,SKU_0007,180,45,450,0.0317
501,1DC_BCN,SKU_0082,332,175,1750,0.0205
502,1DC_BCN,SKU_0153,1482,500,5000,0.07
503,1DC_BCN,SKU_0057,735,175,1750,0.0541
504,1DC_BCN,SKU_0008,430,175,1750,0.0059
505,1DC_BCN,SKU_0229,2217,500,5000,0.0561
506,1DC_BCN,SKU_0015,867,175,1750,0.0442
507,1DC_BCN,SKU_0121,804,175,1750,0.0569
508,1DC_BCN,SKU_0136,430,175,1750,0.0096
509,1DC_BCN,SKU_0212,1820,500,5000,0.0137
510,1DC_BCN,SKU_0150,624,175,1750,0.01
511,1DC_BCN,SKU_0060,1462,500,5000,0.0568
512,1DC_BCN,SKU_0041,2012,500,5000,0.0394
513,1DC_BCN,SKU_0026,223,45,450,0.0745
514,1DC_BCN,SKU_0221,203,45,450,0.0324
515,1DC_BCN,SKU_0169,573,175,1750,0.0517
516,1DC_BCN,SKU_0062,970,175,1750,0.0333
517,1DC_BCN,SKU_0069,1079,175,1750,0.0253
518,1DC_BCN,SKU_0137,610,175,1750,0.0143
519,1DC_BCN,SKU_0194,1532,500,5000,0.0107
520,1DC_BCN,SKU_0197,1149,500,5000,0.0135
521,1DC_BCN,SKU_0148,175,45,450,0.0691
522,1DC_BCN,SKU_0203,727,175,1750,0.0489
523,1DC_BCN,SKU_0091,2231,500,5000,0.0087
524,1DC_BCN,SKU_0045,2892,500,5000,0.0331
525,1DC_BCN,SKU_0046,123,45,450,0.075
526,1DC_BCN,SKU_0061,2851,500,5000,0.0737
527,1DC_BCN,SKU_0152,687,175,1750,0.0136
528,1DC_BCN,SKU_0199,635,175,1750,0.0584
529,1DC_BCN,SKU_0191,1420,500,5000,0.0597
530,1DC_BCN,SKU_0173,201,45,450,0.0241
531,1DC_BCN,SKU_0196,2311,500,5000,0.0236
532,1DC_BCN,SKU_0177,228,45,450,0.0183
533,1DC_BCN,SKU_0146,2411,500,5000,0.073
534,1DC_BCN,SKU_0219,146,45,450,0.0674
535,1DC_BCN,SKU_0037,420,175,1750,0.0397
536,1DC_BCN,SKU_0238,2795,500,5000,0.0796
537,1DC_CDG,SKU_0167,854,175,1750,0.0546
538,1DC_CDG,SKU_0195,856,175,1750,0.065
539,1DC_CDG,SKU_0176,923,175,1750,0.0487
540,1DC_CDG,SKU_0058,175,45,450,0.0207
541,1DC_CDG,SKU_0042,255,45,450,0.0077
542,1DC_CDG,SKU_0116,1985,500,5000,0.0216
543,1DC_CDG,SKU_0019,781,175,1750,0.0112
544,1DC_CDG,SKU_0205,1599,500,5000,0.0437
545,1DC_CDG,SKU_0217,1094,175,1750,0.0417
546,1DC_CDG,SKU_0009,116,45,450,0.0319
547,1DC_CDG,SKU_0076,2542,500,5000,0.0533
548,1DC_CDG,SKU_0006,2243,500,5000,0.0682
549,1DC_CDG,SKU_0082,550,175,1750,0.0205
550,1DC_CDG,SKU_0067,812,175,1750,0.0078
551,1DC_CDG,SKU_0027,170,45,450,0.0528
552,1DC_CDG,SKU_0244,929,175,1750,0.047
553,1DC_CDG,SKU_0088,958,175,1750,0.0676
554,1DC_CDG,SKU_0044,436,175,1750,0.0477
555,1DC_CDG,SKU_0228,517,175,1750,0.0704
556,1DC_CDG,SKU_0097,134,45,450,0.0463
557,1DC_CDG,SKU_0246,1456,500,5000,0.0432
558,1DC_CDG,SKU_0188,805,175,1750,0.0713
559,1DC_CDG,SKU_0020,2476,500,5000,0.0146
560,1DC_CDG,SKU_0141,924,175,1750,0.0674
561,1DC_CDG,SKU_0024,2074,500,5000,0.0464
562,1DC_CDG,SKU_0087,203,175,1750,0.0235
563,1DC_CDG,SKU_0153,2687,500,5000,0.07
564,1DC_CDG,SKU_0158,148,45,450,0.0253
565,1DC_CDG,SKU_0124,838,175,1750,0.026
566,1DC_CDG,SKU_0181,2292,500,5000,0.0122
567,1DC_CDG,SKU_0008,512,175,1750,0.0059
568,1DC_CDG,SKU_0111,1877,500,5000,0.0304
569,1DC_CDG,SKU_0168,525,175,1750,0.0505
570,1DC_CDG,SKU_0043,208,45,450,0.0466
571,1DC_CDG,SKU_0156,413,175,1750,0.0353
572,1DC_CDG,SKU_0112,186,45,450,0.0453
573,1DC_CDG,SKU_0041,2468,500,5000,0.0394
574,1DC_CDG,SKU_0014,739,175,1750,0.0734
575,1DC_CDG,SKU_0026,225,45,450,0.0745
576,1DC_CDG,SKU_0085,238,45,450,0.0618
577,1DC_CDG,SKU_0053,1941,500,5000,0.0622
578,1DC_CDG,SKU_0049,644,175,1750,0.0454
579,1DC_CDG,SKU_0105,2413,500,5000,0.0583
580,1DC_CDG,SKU_0179,149,45,450,0.0443
581,1DC_CDG,SKU_0142,727,175,1750,0.0291
582,1DC_CDG,SKU_0185,2989,500,5000,0.0086
583,1DC_CDG,SKU_0187,1093,175,1750,0.0494
584,1DC_CDG,SKU_0139,486,175,1750,0.0739
585,1DC_CDG,SKU_0068,1084,175,1750,0.012
586,1DC_CDG,SKU_0170,2140,500,5000,0.0758
587,1DC_CDG,SKU_0073,644,175,1750,0.0515
588,1DC_CDG,SKU_0077,2459,500,5000,0.0767
589,1DC_CDG,SKU_0061,1075,500,5000,0.0737
590,1DC_CDG,SKU_0025,2048,500,5000,0.0392
591,1DC_CDG,SKU_0013,1045,175,1750,0.0075
592,1DC_CDG,SKU_0101,242,45,450,0.0483
593,1DC_CDG,SKU_0147,3077,500,5000,0.063
594,1DC_CDG,SKU_0227,3213,500,5000,0.013
595,1DC_CDG,SKU_0126,949,500,5000,0.0201
596,1DC_CDG,SKU_0040,2392,500,5000,0.0776
597,1DC_CDG,SKU_0213,173,45,450,0.0511
598,1DC_CDG,SKU_0093,235,45,450,0.0506
599,1DC_CDG,SKU_0001,1763,500,5000,0.0237
600,1DC_CDG,SKU_0110,592,175,1750,0.0238
601,1DC_CDG,SKU_0023,794,175,1750,0.011
602,1DC_CDG,SKU_0240,277,45,450,0.039
603,1DC_CDG,SKU_0201,679,175,1750,0.0367
604,1DC_CDG,SKU_0161,988,500,5000,0.0171
605,1DC_CDG,SKU_0154,2747,500,5000,0.0519
606,1DC_CDG,SKU_0123,1175,500,5000,0.0639
607,1DC_CDG,SKU_0052,1648,500,5000,0.0729
608,1DC_CDG,SKU_0197,1966,500,5000,0.0135
609,1DC_CDG,SKU_0007,155,45,450,0.0317
610,1DC_CDG,SKU_0210,931,175,1750,0.0264
611,1DC_CDG,SKU_0233,249,45,450,0.0414
612,1DC_CDG,SKU_0164,259,45,450,0.0223
613,1DC_CDG,SKU_0075,736,175,1750,0.0712
614,1DC_CDG,SKU_0021,665,175,1750,0.0106
615,1DC_CDG,SKU_0122,839,175,1750,0.0446
616,1DC_CDG,SKU_0030,3062,500,5000,0.0208
617,1DC_CDG,SKU_0079,201,45,450,0.0716
618,1DC_CDG,SKU_0102,145,45,450,0.0213
619,1DC_CDG,SKU_0121,247,175,1750,0.0569
620,1DC_CDG,SKU_0192,826,175,1750,0.0342
621,1DC_CDG,SKU_0202,1864,500,5000,0.055
622,1DC_CDG,SKU_0226,1539,500,5000,0.0263
623,1DC_CDG,SKU_0140,208,45,450,0.0687
624,1DC_CDG,SKU_0100,477,175,1750,0.0773
625,1DC_CDG,SKU_0048,1796,500,5000,0.0364
626,1DC_CDG,SKU_0095,1768,500,5000,0.0043
627,1DC_CDG,SKU_0098,898,175,1750,0.0288
628,1DC_CDG,SKU_0183,189,45,450,0.0057
629,1DC_CDG,SKU_0162,590,175,1750,0.0366
630,1DC_CDG,SKU_0115,626,175,1750,0.0471
631,1DC_CDG,SKU_0012,891,175,1750,0.0678
632,1DC_CDG,SKU_0166,1420,500,5000,0.033
633,1DC_CDG,SKU_0113,161,45,450,0.0469
634,1DC_CDG,SKU_0120,801,175,1750,0.0559
635,1DC_CDG,SKU_0155,975,175,1750,0.0146
636,1DC_CDG,SKU_0247,1386,500,5000,0.0324
637,1DC_CDG,SKU_0069,635,175,1750,0.0253
638,1DC_CDG,SKU_0145,540,175,1750,0.0052
639,1DC_CDG,SKU_0016,605,175,1750,0.0798
640,1DC_CDG,SKU_0039,781,175,1750,0.0591
641,1DC_CDG,SKU_0207,211,175,1750,0.0574
642,1DC_CDG,SKU_0022,118,45,450,0.0442
643,1DC_CDG,SKU_0089,2540,500,5000,0.0356
644,1DC_CDG,SKU_0203,462,175,1750,0.0489
645,1DC_CDG,SKU_0106,627,175,1750,0.0037
646,1DC_CDG,SKU_0059,1573,500,5000,0.0741
647,1DC_CDG,SKU_0148,170,45,450,0.0691
648,1DC_CDG,SKU_0163,722,175,1750,0.0346
649,1DC_CDG,SKU_0134,767,175,1750,0.0744
650,1DC_CDG,SKU_0108,347,175,1750,0.0376
651,1DC_CDG,SKU_0172,1161,175,1750,0.0588
652,1DC_CDG,SKU_0198,2073,500,5000,0.0435
653,1DC_CDG,SKU_0136,528,175,1750,0.0096
654,1DC_CDG,SKU_0199,472,175,1750,0.0584
655,1DC_CDG,SKU_0173,221,45,450,0.0241
656,1DC_CDG,SKU_0169,708,175,1750,0.0517
657,1DC_CDG,SKU_0241,195,45,450,0.0038
658,1DC_CDG,SKU_0129,531,175,1750,0.0273
659,1DC_CDG,SKU_0038,2842,500,5000,0.0327
660,1DC_CDG,SKU_0175,1822,500,5000,0.0238
661,1DC_CDG,SKU_0138,518,175,1750,0.0398
662,1DC_CDG,SKU_0231,204,45,450,0.0632
663,1DC_CDG,SKU_0151,606,175,1750,0.0725
664,1DC_CDG,SKU_0186,830,175,1750,0.0478
665,1DC_CDG,SKU_0250,100,45,450,0.0072
666,1DC_CDG,SKU_0149,765,175,1750,0.0206
667,1DC_CDG,SKU_0028,2271,500,5000,0.0286
668,1DC_CDG,SKU_0104,1460,500,5000,0.0486
669,1DC_CDG,SKU_0146,2574,500,5000,0.073
670,1DC_AMS,SKU_0144,2430,500,5000,0.0602
671,1DC_AMS,SKU_0166,2548,500,5000,0.033
672,1DC_AMS,SKU_0153,1973,500,5000,0.07
673,1DC_AMS,SKU_0156,1142,175,1750,0.0353
674,1DC_AMS,SKU_0073,664,175,1750,0.0515
675,1DC_AMS,SKU_0077,2332,500,5000,0.0767
676,1DC_AMS,SKU_0176,690,175,1750,0.0487
677,1DC_AMS,SKU_0028,2245,500,5000,0.0286
678,1DC_AMS,SKU_0124,599,175,1750,0.026
679,1DC_AMS,SKU_0017,222,45,450,0.0142
680,1DC_AMS,SKU_0087,791,175,1750,0.0235
681,1DC_AMS,SKU_0071,2518,500,5000,0.0634
682,1DC_AMS,SKU_0164,176,45,450,0.0223
683,1DC_AMS,SKU_0084,915,175,1750,0.0385
684,1DC_AMS,SKU_0221,201,45,450,0.0324
685,1DC_AMS,SKU_0239,203,45,450,0.0528
686,1DC_AMS,SKU_0067,1050,175,1750,0.0078
687,1DC_AMS,SKU_0168,590,175,1750,0.0505
688,1DC_AMS,SKU_0183,165,45,450,0.0057
689,1DC_AMS,SKU_0229,2229,500,5000,0.0561
690,1DC_AMS,SKU_0167,343,175,1750,0.0546
691,1DC_AMS,SKU_0245,853,175,1750,0.021
692,1DC_AMS,SKU_0049,862,175,1750,0.0454
693,1DC_AMS,SKU_0039,499,175,1750,0.0591
694,1DC_AMS,SKU_0133,795,175,1750,0.041
695,1DC_AMS,SKU_0196,1942,500,5000,0.0236
696,1DC_AMS,SKU_0062,702,175,1750,0.0333
697,1DC_AMS,SKU_0015,367,175,1750,0.0442
698,1DC_AMS,SKU_0207,628,175,1750,0.0574
699,1DC_AMS,SKU_0220,3204,500,5000,0.0573
700,1DC_AMS,SKU_0206,144,45,450,0.0056
701,1DC_AMS,SKU_0208,182,45,450,0.0157
702,1DC_AMS,SKU_0154,1262,500,5000,0.0519
703,1DC_AMS,SKU_0104,2054,500,5000,0.0486
704,1DC_AMS,SKU_0170,2006,500,5000,0.0758
705,1DC_AMS,SKU_0082,684,175,1750,0.0205
706,1DC_AMS,SKU_0175,1572,500,5000,0.0238
707,1DC_AMS,SKU_0036,2371,500,5000,0.0799
708,1DC_AMS,SKU_0185,1637,500,5000,0.0086
709,1DC_AMS,SKU_0007,231,45,450,0.0317
710,1DC_AMS,SKU_0233,218,45,450,0.0414
711,1DC_AMS,SKU_0128,173,45,450,0.0362
712,1DC_AMS,SKU_0076,2206,500,5000,0.0533
713,1DC_AMS,SKU_0234,306,45,450,0.0064
714,1DC_AMS,SKU_0108,844,175,1750,0.0376
715,1DC_AMS,SKU_0217,455,175,1750,0.0417
716,1DC_AMS,SKU_0100,769,175,1750,0.0773
717,1DC_AMS,SKU_0189,478,175,1750,0.0266
718,1DC_AMS,SKU_0010,666,175,1750,0.0544
719,1DC_AMS,SKU_0150,656,175,1750,0.01
720,1DC_AMS,SKU_0182,596,175,1750,0.0305
721,1DC_AMS,SKU_0147,2696,500,5000,0.063
722,1DC_AMS,SKU_0228,694,175,1750,0.0704
723,1DC_AMS,SKU_0088,700,175,1750,0.0676
724,1DC_AMS,SKU_0186,573,175,1750,0.0478
725,1DC_AMS,SKU_0232,262,45,450,0.0174
726,1DC_AMS,SKU_0057,487,175,1750,0.0541
727,1DC_AMS,SKU_0244,848,175,1750,0.047
728,1DC_AMS,SKU_0137,717,175,1750,0.0143
729,1DC_AMS,SKU_0238,2411,500,5000,0.0796
730,1DC_AMS,SKU_0122,686,175,1750,0.0446
731,1DC_AMS,SKU_0172,946,175,1750,0.0588
732,1DC_AMS,SKU_0092,734,175,1750,0.063
733,1DC_AMS,SKU_0130,936,175,1750,0.0247
734,1DC_AMS,SKU_0231,239,45,450,0.0632
735,1DC_AMS,SKU_0044,753,175,1750,0.0477
736,1DC_AMS,SKU_0169,503,175,1750,0.0517
737,1DC_AMS,SKU_0143,121,45,450,0.0785
738,1DC_AMS,SKU_0047,421,175,1750,0.0126
739,1DC_AMS,SKU_0219,128,45,450,0.0674
740,1DC_AMS,SKU_0025,1437,500,5000,0.0392
741,1DC_AMS,SKU_0121,795,175,1750,0.0569
742,1DC_AMS,SKU_0033,187,45,450,0.0065
743,1DC_AMS,SKU_0222,734,175,1750,0.0457
744,1DC_AMS,SKU_0250,165,45,450,0.0072
745,1DC_AMS,SKU_0200,2485,500,5000,0.0503
746,1DC_AMS,SKU_0086,218,45,450,0.0686
747,1DC_AMS,SKU_0210,814,175,1750,0.0264
748,1DC_AMS,SKU_0023,812,175,1750,0.011
749,1DC_AMS,SKU_0194,1878,500,5000,0.0107
750,1DC_AMS,SKU_0091,1611,500,5000,0.0087
751,1DC_AMS,SKU_0058,177,45,450,0.0207
752,1DC_AMS,SKU_0079,173,45,450,0.0716
753,1DC_AMS,SKU_0236,614,175,1750,0.0422
754,1DC_AMS,SKU_0085,191,45,450,0.0618
755,1DC_AMS,SKU_0096,1168,500,5000,0.056
756,1DC_AMS,SKU_0177,170,45,450,0.0183
757,1DC_AMS,SKU_0201,633,175,1750,0.0367
758,1DC_AMS,SKU_0181,1404,500,5000,0.0122
759,1DC_AMS,SKU_0119,2577,500,5000,0.0086
760,1DC_AMS,SKU_0031,550,175,1750,0.0709
761,1DC_AMS,SKU_0179,147,45,450,0.0443
762,1DC_AMS,SKU_0014,584,175,1750,0.0734
763,1DC_AMS,SKU_0163,753,175,1750,0.0346
764,1DC_AMS,SKU_0149,459,175,1750,0.0206
765,1DC_AMS,SKU_0019,417,175,1750,0.0112
766,1DC_AMS,SKU_0159,469,175,1750,0.0556
767,1DC_AMS,SKU_0050,2790,500,5000,0.0106
768,1DC_AMS,SKU_0129,207,175,1750,0.0273
769,1DC_AMS,SKU_0160,145,45,450,0.0725
770,1DC_AMS,SKU_0098,867,175,1750,0.0288
771,1DC_AMS,SKU_0136,841,175,1750,0.0096
772,1DC_AMS,SKU_0225,923,175,1750,0.0667
773,1DC_AMS,SKU_0106,971,175,1750,0.0037
774,1DC_AMS,SKU_0158,135,45,450,0.0253
775,1DC_AMS,SKU_0227,1564,500,5000,0.013
776,1DC_AMS,SKU_0213,184,45,450,0.0511
777,1DC_MUC,SKU_0172,864,175,1750,0.0588
778,1DC_MUC,SKU_0023,424,175,1750,0.011
779,1DC_MUC,SKU_0233,124,45,450,0.0414
780,1DC_MUC,SKU_0029,2085,500,5000,0.0573
781,1DC_MUC,SKU_0214,204,45,450,0.051
782,1DC_MUC,SKU_0147,1762,500,5000,0.063
783,1DC_MUC,SKU_0250,238,45,450,0.0072
784,1DC_MUC,SKU_0127,244,45,450,0.0159
785,1DC_MUC,SKU_0039,1102,175,1750,0.0591
786,1DC_MUC,SKU_0024,1866,500,5000,0.0464
787,1DC_MUC,SKU_0200,3049,500,5000,0.0503
788,1DC_MUC,SKU_0131,980,175,1750,0.0274
789,1DC_MUC,SKU_0020,1226,500,5000,0.0146
790,1DC_MUC,SKU_0186,729,175,1750,0.0478
791,1DC_MUC,SKU_0237,111,45,450,0.0746
792,1DC_MUC,SKU_0026,208,45,450,0.0745
793,1DC_MUC,SKU_0232,193,45,450,0.0174
794,1DC_MUC,SKU_0066,416,175,1750,0.0471
795,1DC_MUC,SKU_0165,252,45,450,0.0387
796,1DC_MUC,SKU_0060,1060,500,5000,0.0568
797,1DC_MUC,SKU_0117,163,45,450,0.0319
798,1DC_MUC,SKU_0076,747,500,5000,0.0533
799,1DC_MUC,SKU_0068,458,175,1750,0.012
800,1DC_MUC,SKU_0119,2073,500,5000,0.0086
801,1DC_MUC,SKU_0013,872,175,1750,0.0075
802,1DC_MUC,SKU_0235,553,175,1750,0.0424
803,1DC_MUC,SKU_0209,982,175,1750,0.0106
804,1DC_MUC,SKU_0045,2339,500,5000,0.0331
805,1DC_MUC,SKU_0011,1121,175,1750,0.0213
806,1DC_MUC,SKU_0219,188,45,450,0.0674
807,1DC_MUC,SKU_0075,357,175,1750,0.0712
808,1DC_MUC,SKU_0093,166,45,450,0.0506
809,1DC_MUC,SKU_0206,173,45,450,0.0056
810,1DC_MUC,SKU_0174,142,45,450,0.0688
811,1DC_MUC,SKU_0081,285,45,450,0.0428
812,1DC_MUC,SKU_0110,582,175,1750,0.0238
813,1DC_MUC,SKU_0190,381,175,1750,0.0392
814,1DC_MUC,SKU_0030,1890,500,5000,0.0208
815,1DC_MUC,SKU_0025,1529,500,5000,0.0392
816,1DC_MUC,SKU_0195,548,175,1750,0.065
817,1DC_MUC,SKU_0012,664,175,1750,0.0678
818,1DC_MUC,SKU_0003,461,175,1750,0.0579
819,1DC_MUC,SKU_0036,1556,500,5000,0.0799
820,1DC_MUC,SKU_0170,1263,500,5000,0.0758
821,1DC_MUC,SKU_0166,2667,500,5000,0.033
822,1DC_MUC,SKU_0044,1015,175,1750,0.0477
823,1DC_MUC,SKU_0085,237,45,450,0.0618
824,1DC_MUC,SKU_0092,518,175,1750,0.063
825,1DC_MUC,SKU_0113,305,45,450,0.0469
826,1DC_MUC,SKU_0160,189,45,450,0.0725
827,1DC_MUC,SKU_0069,463,175,1750,0.0253
828,1DC_MUC,SKU_0188,691,175,1750,0.0713
829,1DC_MUC,SKU_0241,147,45,450,0.0038
830,1DC_MUC,SKU_0096,2009,500,5000,0.056
831,1DC_MUC,SKU_0088,701,175,1750,0.0676
832,1DC_MUC,SKU_0047,515,175,1750,0.0126
833,1DC_MUC,SKU_0213,158,45,450,0.0511
834,1DC_MUC,SKU_0103,848,175,1750,0.0276
835,1DC_MUC,SKU_0193,434,175,1750,0.0296
836,1DC_MUC,SKU_0230,688,175,1750,0.0549
837,1DC_MUC,SKU_0070,420,175,1750,0.0257
838,RDC_IBE,SKU_0118,967,175,1750,0.0455
839,RDC_IBE,SKU_0114,79,45,450,0.0197
840,RDC_IBE,SKU_0206,184,45,450,0.0051
841,RDC_IBE,SKU_0147,1971,500,5000,0.0567
842,RDC_IBE,SKU_0115,484,175,1750,0.0424
843,RDC_IBE,SKU_0023,696,175,1750,0.0099
844,RDC_IBE,SKU_0220,2396,500,5000,0.0516
845,RDC_IBE,SKU_0128,256,45,450,0.0326
846,RDC_IBE,SKU_0246,2807,500,5000,0.0389
847,RDC_IBE,SKU_0081,201,45,450,0.0385
848,RDC_IBE,SKU_0031,1082,175,1750,0.0638
849,RDC_IBE,SKU_0243,769,175,1750,0.0456
850,RDC_IBE,SKU_0191,2507,500,5000,0.0537
851,RDC_IBE,SKU_0168,702,175,1750,0.0454
852,RDC_IBE,SKU_0005,1815,500,5000,0.0171
853,RDC_IBE,SKU_0027,126,45,450,0.0475
854,RDC_IBE,SKU_0104,1334,500,5000,0.0438
855,RDC_IBE,SKU_0106,1016,175,1750,0.0033
856,RDC_IBE,SKU_0010,1009,175,1750,0.0489
857,RDC_IBE,SKU_0143,110,45,450,0.0707
858,RDC_IBE,SKU_0141,774,175,1750,0.0606
859,RDC_IBE,SKU_0001,454,500,5000,0.0213
860,RDC_IBE,SKU_0212,1959,500,5000,0.0123
861,RDC_IBE,SKU_0024,2979,500,5000,0.0418
862,RDC_IBE,SKU_0203,709,175,1750,0.044
863,RDC_IBE,SKU_0155,488,175,1750,0.0131
864,RDC_IBE,SKU_0159,626,175,1750,0.05
865,RDC_IBE,SKU_0164,74,45,450,0.0201
866,RDC_IBE,SKU_0078,117,45,450,0.0106
867,RDC_IBE,SKU_0131,789,175,1750,0.0247
868,RDC_IBE,SKU_0144,707,500,5000,0.0542
869,RDC_IBE,SKU_0053,1867,500,5000,0.056
870,RDC_IBE,SKU_0237,148,45,450,0.0671
871,RDC_IBE,SKU_0172,739,175,1750,0.0529
872,RDC_IBE,SKU_0117,156,45,450,0.0287
873,RDC_IBE,SKU_0088,542,175,1750,0.0609
874,RDC_IBE,SKU_0094,460,175,1750,0.02
875,RDC_IBE,SKU_0228,510,175,1750,0.0634
876,RDC_IBE,SKU_0014,1090,175,1750,0.066
877,RDC_IBE,SKU_0210,448,175,1750,0.0238
878,RDC_IBE,SKU_0058,216,45,450,0.0186
879,RDC_IBE,SKU_0216,643,175,1750,0.0337
880,RDC_IBE,SKU_0085,141,45,450,0.0556
881,RDC_IBE,SKU_0244,545,175,1750,0.0423
882,RDC_IBE,SKU_0197,2329,500,5000,0.0121
883,RDC_IBE,SKU_0224,1702,500,5000,0.0516
884,RDC_IBE,SKU_0154,3043,500,5000,0.0467
885,RDC_IBE,SKU_0122,884,175,1750,0.0402
886,RDC_IBE,SKU_0184,2622,500,5000,0.0356
887,RDC_IBE,SKU_0169,890,175,1750,0.0465
888,RDC_IBE,SKU_0214,137,45,450,0.0459
889,RDC_IBE,SKU_0202,2417,500,5000,0.0495
890,RDC_IBE,SKU_0116,1369,500,5000,0.0194
891,RDC_IBE,SKU_0030,1616,500,5000,0.0187
892,RDC_IBE,SKU_0025,2902,500,5000,0.0353
893,RDC_IBE,SKU_0195,561,175,1750,0.0585
894,RDC_IBE,SKU_0201,651,175,1750,0.033
895,RDC_IBE,SKU_0057,783,175,1750,0.0487
896,RDC_IBE,SKU_0229,2919,500,5000,0.0505
897,RDC_IBE,SKU_0215,516,175,1750,0.0578
898,RDC_IBE,SKU_0091,753,500,5000,0.0078
899,RDC_IBE,SKU_0163,922,175,1750,0.0311
900,RDC_IBE,SKU_0075,944,175,1750,0.064
901,RDC_IBE,SKU_0230,829,175,1750,0.0494
902,RDC_IBE,SKU_0134,679,175,1750,0.0669
903,RDC_IBE,SKU_0096,1176,500,5000,0.0504
904,RDC_IBE,SKU_0180,1774,500,5000,0.0573
905,RDC_IBE,SKU_0028,1749,500,5000,0.0257
906,RDC_IBE,SKU_0012,355,175,1750,0.061
907,RDC_IBE,SKU_0043,113,45,450,0.0419
908,RDC_FRA,SKU_0173,152,45,450,0.0217
909,RDC_FRA,SKU_0192,334,175,1750,0.0308
910,RDC_FRA,SKU_0229,1863,500,5000,0.0505
911,RDC_FRA,SKU_0216,841,175,1750,0.0337
912,RDC_FRA,SKU_0137,921,175,1750,0.0129
913,RDC_FRA,SKU_0074,138,45,450,0.0124
914,RDC_FRA,SKU_0225,811,175,1750,0.06
915,RDC_FRA,SKU_0217,930,175,1750,0.0375
916,RDC_FRA,SKU_0109,492,175,1750,0.054
917,RDC_FRA,SKU_0207,614,175,1750,0.0517
918,RDC_FRA,SKU_0004,852,175,1750,0.0587
919,RDC_FRA,SKU_0134,977,175,1750,0.0669
920,RDC_FRA,SKU_0028,1744,500,5000,0.0257
921,RDC_FRA,SKU_0007,111,45,450,0.0286
922,RDC_FRA,SKU_0098,742,175,1750,0.0259
923,RDC_FRA,SKU_0038,2011,500,5000,0.0294
924,RDC_FRA,SKU_0014,396,175,1750,0.066
925,RDC_FRA,SKU_0172,845,175,1750,0.0529
926,RDC_FRA,SKU_0015,827,175,1750,0.0398
927,RDC_FRA,SKU_0052,2052,500,5000,0.0656
928,RDC_FRA,SKU_0069,1000,175,1750,0.0228
929,RDC_FRA,SKU_0193,836,175,1750,0.0267
930,RDC_FRA,SKU_0202,1780,500,5000,0.0495
931,RDC_FRA,SKU_0042,288,45,450,0.0069
932,RDC_FRA,SKU_0245,808,175,1750,0.0189
933,RDC_FRA,SKU_0175,1213,500,5000,0.0214
934,RDC_FRA,SKU_0065,954,175,1750,0.0263
935,RDC_FRA,SKU_0235,822,175,1750,0.0382
936,RDC_FRA,SKU_0215,805,175,1750,0.0578
937,RDC_FRA,SKU_0016,692,175,1750,0.0718
938,RDC_FRA,SKU_0177,168,45,450,0.0164
939,RDC_FRA,SKU_0201,341,175,1750,0.033
940,RDC_FRA,SKU_0076,1891,500,5000,0.048
941,RDC_FRA,SKU_0053,1287,500,5000,0.056
942,RDC_FRA,SKU_0248,677,175,1750,0.0533
943,RDC_FRA,SKU_0139,524,175,1750,0.0665
944,RDC_FRA,SKU_0009,183,45,450,0.0287
945,RDC_FRA,SKU_0092,592,175,1750,0.0567
946,RDC_FRA,SKU_0209,549,175,1750,0.0095
947,RDC_FRA,SKU_0116,2234,500,5000,0.0194
948,RDC_FRA,SKU_0027,191,45,450,0.0475
949,RDC_FRA,SKU_0158,271,45,450,0.0227
950,RDC_FRA,SKU_0250,163,45,450,0.0065
951,RDC_FRA,SKU_0190,411,175,1750,0.0352
952,RDC_FRA,SKU_0144,1825,500,5000,0.0542
953,RDC_FRA,SKU_0058,198,45,450,0.0186
954,RDC_FRA,SKU_0191,2819,500,5000,0.0537
955,RDC_FRA,SKU_0166,2209,500,5000,0.0297
956,RDC_FRA,SKU_0206,259,45,450,0.0051
957,RDC_FRA,SKU_0100,773,175,1750,0.0696
958,RDC_FRA,SKU_0061,1650,500,5000,0.0663
959,RDC_FRA,SKU_0131,904,175,1750,0.0247
960,RDC_FRA,SKU_0179,82,45,450,0.0399
961,RDC_FRA,SKU_0226,1965,500,5000,0.0237
962,RDC_FRA,SKU_0178,122,45,450,0.0184
963,RDC_FRA,SKU_0171,2094,500,5000,0.0397
964,RDC_FRA,SKU_0013,625,175,1750,0.0067
965,RDC_FRA,SKU_0236,681,175,1750,0.038
966,RDC_FRA,SKU_0219,169,45,450,0.0606
967,RDC_FRA,SKU_0107,687,175,1750,0.0279
968,RDC_FRA,SKU_0176,642,175,1750,0.0438
969,RDC_FRA,SKU_0081,210,45,450,0.0385
970,RDC_FRA,SKU_0142,758,175,1750,0.0262
971,RDC_FRA,SKU_0234,179,45,450,0.0057
972,RDC_FRA,SKU_0240,200,45,450,0.0351
973,RDC_FRA,SKU_0224,2574,500,5000,0.0516
974,RDC_FRA,SKU_0231,73,45,450,0.0569
975,RDC_FRA,SKU_0159,507,175,1750,0.05
976,RDC_FRA,SKU_0114,212,45,450,0.0197
977,RDC_FRA,SKU_0205,1568,500,5000,0.0393
978,RDC_FRA,SKU_0163,803,175,1750,0.0311
979,RDC_FRA,SKU_0203,619,175,1750,0.044
980,RDC_FRA,SKU_0095,2192,500,5000,0.0039
981,RDC_FRA,SKU_0151,1034,175,1750,0.0652
982,RDC_FRA,SKU_0140,183,45,450,0.0618
983,RDC_FRA,SKU_0155,1020,175,1750,0.0131
984,RDC_FRA,SKU_0051,834,175,1750,0.0163
985,RDC_FRA,SKU_0050,3117,500,5000,0.0096
986,RDC_FRA,SKU_0218,815,175,1750,0.0353
987,RDC_FRA,SKU_0115,544,175,1750,0.0424
988,RDC_FRA,SKU_0046,229,45,450,0.0675
989,RDC_FRA,SKU_0020,1773,500,5000,0.0132
990,RDC_FRA,SKU_0048,2884,500,5000,0.0327
991,RDC_FRA,SKU_0045,1617,500,5000,0.0298
992,RDC_FRA,SKU_0132,594,175,1750,0.04
993,RDC_FRA,SKU_0031,884,175,1750,0.0638
994,RDC_FRA,SKU_0097,156,45,450,0.0417
995,RDC_FRA,SKU_0011,723,175,1750,0.0192
996,RDC_FRA,SKU_0110,652,175,1750,0.0214
997,RDC_FRA,SKU_0072,782,175,1750,0.017
998,RDC_FRA,SKU_0143,211,45,450,0.0707
999,RDC_FRA,SKU_0068,692,175,1750,0.0108
1000,RDC_FRA,SKU_0034,325,175,1750,0.0581
1001,RDC_FRA,SKU_0227,2293,500,5000,0.0117
1002,RDC_FRA,SKU_0150,557,175,1750,0.009
1003,RDC_FRA,SKU_0066,582,175,1750,0.0424
1004,RDC_FRA,SKU_0002,568,175,1750,0.0043
1005,RDC_FRA,SKU_0085,286,45,450,0.0556
1006,RDC_FRA,SKU_0120,344,175,1750,0.0503
1007,RDC_FRA,SKU_0040,2582,500,5000,0.0698
1008,RDC_FRA,SKU_0180,1357,500,5000,0.0573
1009,RDC_FRA,SKU_0220,2086,500,5000,0.0516
1010,RDC_FRA,SKU_0083,1976,500,5000,0.0506
1011,RDC_FRA,SKU_0187,781,175,1750,0.0444
1012,RDC_FRA,SKU_0078,158,45,450,0.0106
1013,RDC_FRA,SKU_0126,2755,500,5000,0.0181
1014,RDC_FRA,SKU_0141,771,175,1750,0.0606
1015,RDC_FRA,SKU_0213,126,45,450,0.046
1016,RDC_FRA,SKU_0019,863,175,1750,0.0101
1017,RDC_FRA,SKU_0082,824,175,1750,0.0185
1018,RDC_FRA,SKU_0135,198,45,450,0.0447
1019,RDC_FRA,SKU_0057,681,175,1750,0.0487
1020,RDC_FRA,SKU_0168,362,175,1750,0.0454
1021,RDC_LYS,SKU_0106,926,175,1750,0.0033
1022,RDC_LYS,SKU_0232,90,45,450,0.0157
1023,RDC_LYS,SKU_0166,2475,500,5000,0.0297
1024,RDC_LYS,SKU_0218,901,175,1750,0.0353
1025,RDC_LYS,SKU_0132,663,175,1750,0.04
1026,RDC_LYS,SKU_0037,1136,175,1750,0.0357
1027,RDC_LYS,SKU_0042,198,45,450,0.0069
1028,RDC_LYS,SKU_0048,2109,500,5000,0.0327
1029,RDC_LYS,SKU_0057,948,175,1750,0.0487
1030,RDC_LYS,SKU_0158,187,45,450,0.0227
1031,RDC_LYS,SKU_0214,249,45,450,0.0459
1032,RDC_LYS,SKU_0065,754,175,1750,0.0263
1033,RDC_LYS,SKU_0050,1336,500,5000,0.0096
1034,RDC_LYS,SKU_0030,2449,500,5000,0.0187
1035,RDC_LYS,SKU_0047,921,175,1750,0.0114
1036,RDC_LYS,SKU_0172,552,175,1750,0.0529
1037,RDC_LYS,SKU_0205,0,500,5000,0.0393
1038,RDC_LYS,SKU_0146,1408,500,5000,0.0657
1039,RDC_LYS,SKU_0219,88,45,450,0.0606
1040,RDC_LYS,SKU_0014,763,175,1750,0.066
1041,RDC_LYS,SKU_0247,1716,500,5000,0.0291
1042,RDC_LYS,SKU_0193,811,175,1750,0.0267
1043,RDC_LYS,SKU_0141,747,175,1750,0.0606
1044,RDC_LYS,SKU_0119,1034,500,5000,0.0078
1045,RDC_LYS,SKU_0248,640,175,1750,0.0533
1046,RDC_LYS,SKU_0228,927,175,1750,0.0634
1047,RDC_LYS,SKU_0019,489,175,1750,0.0101
1048,RDC_LYS,SKU_0075,686,175,1750,0.064
1049,RDC_LYS,SKU_0235,390,175,1750,0.0382
1050,RDC_LYS,SKU_0018,695,175,1750,0.0438
1051,RDC_LYS,SKU_0239,236,45,450,0.0475
1052,RDC_LYS,SKU_0026,100,45,450,0.067
1053,RDC_LYS,SKU_0051,604,175,1750,0.0163
1054,RDC_LYS,SKU_0186,616,175,1750,0.043
1055,RDC_LYS,SKU_0149,472,175,1750,0.0185
1056,RDC_LYS,SKU_0125,679,175,1750,0.0439
1057,RDC_LYS,SKU_0085,236,45,450,0.0556
1058,RDC_LYS,SKU_0092,1161,175,1750,0.0567
1059,RDC_LYS,SKU_0033,103,45,450,0.0059
1060,RDC_LYS,SKU_0222,236,175,1750,0.0411
1061,RDC_LYS,SKU_0168,678,175,1750,0.0454
1062,RDC_LYS,SKU_0061,1312,500,5000,0.0663
1063,RDC_LYS,SKU_0249,606,175,1750,0.0258
1064,RDC_LYS,SKU_0073,814,175,1750,0.0463
1065,RDC_LYS,SKU_0159,624,175,1750,0.05
1066,RDC_LYS,SKU_0221,181,45,450,0.0292
1067,RDC_LYS,SKU_0238,1878,500,5000,0.0716
1068,RDC_LYS,SKU_0082,745,175,1750,0.0185
1069,RDC_LYS,SKU_0215,822,175,1750,0.0578
1070,RDC_LYS,SKU_0116,3261,500,5000,0.0194
1071,RDC_LYS,SKU_0240,140,45,450,0.0351
1072,RDC_LYS,SKU_0241,226,45,450,0.0034
1073,RDC_LYS,SKU_0169,637,175,1750,0.0465
1074,RDC_LYS,SKU_0079,184,45,450,0.0644
1075,RDC_LYS,SKU_0178,227,45,450,0.0184
1076,RDC_LYS,SKU_0150,677,175,1750,0.009
1077,RDC_LYS,SKU_0040,1791,500,5000,0.0698
1078,RDC_LYS,SKU_0145,455,175,1750,0.0047
1079,RDC_LYS,SKU_0233,229,45,450,0.0373
1080,RDC_LYS,SKU_0094,350,175,1750,0.02
1081,RDC_LYS,SKU_0081,174,45,450,0.0385
1082,RDC_LYS,SKU_0110,962,175,1750,0.0214
1083,RDC_LYS,SKU_0044,840,175,1750,0.0429
1084,RDC_LYS,SKU_0002,971,175,1750,0.0043
1085,RDC_LYS,SKU_0190,497,175,1750,0.0352
1086,RDC_LYS,SKU_0064,238,45,450,0.0204
1087,RDC_LYS,SKU_0242,2370,500,5000,0.0222
1088,RDC_LYS,SKU_0183,124,45,450,0.0051
1089,RDC_LYS,SKU_0165,96,45,450,0.0348
1090,RDC_LYS,SKU_0112,262,45,450,0.0408
1091,RDC_LYS,SKU_0071,1443,500,5000,0.057
1092,RDC_LYS,SKU_0093,174,45,450,0.0455
1093,RDC_LYS,SKU_0035,2467,500,5000,0.0149
1094,RDC_LYS,SKU_0174,133,45,450,0.0619
1095,RDC_LYS,SKU_0200,1188,500,5000,0.0453
1096,RDC_LYS,SKU_0123,2091,500,5000,0.0575
1097,RDC_LYS,SKU_0227,1671,500,5000,0.0117
1098,RDC_LYS,SKU_0115,698,175,1750,0.0424
1099,RDC_LYS,SKU_0213,190,45,450,0.046
1100,RDC_LYS,SKU_0197,2207,500,5000,0.0121
1101,RDC_LYS,SKU_0202,1743,500,5000,0.0495
1102,RDC_LYS,SKU_0142,586,175,1750,0.0262
1103,RDC_LYS,SKU_0028,2219,500,5000,0.0257
1104,RDC_LYS,SKU_0045,2524,500,5000,0.0298
1105,RDC_LYS,SKU_0226,1938,500,5000,0.0237
1106,RDC_LYS,SKU_0156,596,175,1750,0.0318
1107,RDC_LYS,SKU_0021,747,175,1750,0.0095
1108,IXD_BCN,SKU_0124,185,30,300,0.0454
1109,IXD_BCN,SKU_0173,24,10,100,0.0421
1110,IXD_BCN,SKU_0123,185,87,875,0.1118
1111,IXD_BCN,SKU_0248,110,30,300,0.1037
1112,IXD_BCN,SKU_0054,53,30,300,0.0622
1113,IXD_BCN,SKU_0152,143,30,300,0.0239
1114,IXD_BCN,SKU_0042,37,10,100,0.0134
1115,IXD_BCN,SKU_0166,257,87,875,0.0577
1116,IXD_BCN,SKU_0214,31,10,100,0.0893
1117,IXD_BCN,SKU_0106,94,30,300,0.0064
1118,IXD_BCN,SKU_0006,358,87,875,0.1193
1119,IXD_BCN,SKU_0063,103,30,300,0.0584
1120,IXD_BCN,SKU_0012,130,30,300,0.1186
1121,IXD_BCN,SKU_0033,22,10,100,0.0114
1122,IXD_BCN,SKU_0147,260,87,875,0.1103
1123,IXD_BCN,SKU_0245,89,30,300,0.0368
1124,IXD_BCN,SKU_0244,89,30,300,0.0822
1125,IXD_BCN,SKU_0035,428,87,875,0.029
1126,IXD_BCN,SKU_0162,167,30,300,0.064
1127,IXD_BCN,SKU_0132,162,30,300,0.0778
1128,IXD_BCN,SKU_0011,97,30,300,0.0374
1129,IXD_BCN,SKU_0229,442,87,875,0.0983
1130,IXD_BCN,SKU_0236,134,30,300,0.0739
1131,IXD_BCN,SKU_0038,362,87,875,0.0571
1132,IXD_BCN,SKU_0015,124,30,300,0.0773
1133,IXD_BCN,SKU_0043,13,10,100,0.0815
1134,IXD_BCN,SKU_0067,108,30,300,0.0136
1135,IXD_BCN,SKU_0047,92,30,300,0.0221
1136,IXD_BCN,SKU_0133,58,30,300,0.0718
1137,IXD_BCN,SKU_0104,298,87,875,0.0851
1138,IXD_BCN,SKU_0154,309,87,875,0.0908
1139,IXD_BCN,SKU_0145,159,30,300,0.0091
1140,IXD_MAD,SKU_0129,91,30,300,0.0477
1141,IXD_MAD,SKU_0193,85,30,300,0.0519
1142,IXD_MAD,SKU_0031,115,30,300,0.124
1143,IXD_MAD,SKU_0024,402,87,875,0.0812
1144,IXD_MAD,SKU_0124,182,30,300,0.0454
1145,IXD_MAD,SKU_0169,105,30,300,0.0904
1146,IXD_MAD,SKU_0034,129,30,300,0.1129
1147,IXD_MAD,SKU_0231,25,10,100,0.1106
1148,IXD_MAD,SKU_0155,141,30,300,0.0256
1149,IXD_MAD,SKU_0139,116,30,300,0.1294
1150,IXD_MAD,SKU_0212,479,87,875,0.024
1151,IXD_MAD,SKU_0001,217,87,875,0.0415
1152,IXD_MAD,SKU_0230,100,30,300,0.096
1153,IXD_MAD,SKU_0199,156,30,300,0.1022
1154,IXD_MAD,SKU_0174,39,10,100,0.1204
1155,IXD_MAD,SKU_0167,133,30,300,0.0955
1156,IXD_MAD,SKU_0111,477,87,875,0.0531
1157,IXD_MAD,SKU_0134,98,30,300,0.1302
1158,IXD_MAD,SKU_0108,112,30,300,0.0658
1159,IXD_MAD,SKU_0095,237,87,875,0.0076
1160,IXD_MAD,SKU_0224,306,87,875,0.1004
1161,IXD_MAD,SKU_0012,167,30,300,0.1186
1162,IXD_MAD,SKU_0179,38,10,100,0.0775
1163,IXD_MAD,SKU_0136,125,30,300,0.0168
1164,IXD_MAD,SKU_0110,84,30,300,0.0417
1165,IXD_MAD,SKU_0059,485,87,875,0.1297
1166,IXD_MAD,SKU_0206,58,10,100,0.0098
1167,IXD_MAD,SKU_0246,405,87,875,0.0756
1168,IXD_MAD,SKU_0203,137,30,300,0.0855
1169,IXD_MAD,SKU_0197,402,87,875,0.0236
1170,IXD_MAD,SKU_0098,33,30,300,0.0505
1171,IXD_MAD,SKU_0090,154,30,300,0.0329
1172,IXD_MAD,SKU_0151,145,30,300,0.1269
1173,IXD_MAD,SKU_0238,392,87,875,0.1393
1174,IXD_MAD,SKU_0190,56,30,300,0.0685
1175,IXD_MAD,SKU_0195,78,30,300,0.1138
1176,IXD_MAD,SKU_0228,84,30,300,0.1232
1177,IXD_MAD,SKU_0148,51,10,100,0.1209
1178,IXD_MAD,SKU_0026,43,10,100,0.1303
1179,IXD_MAD,SKU_0109,77,30,300,0.1051
1180,IXD_MAD,SKU_0035,207,87,875,0.029
1181,IXD_MAD,SKU_0066,138,30,300,0.0824
1182,IXD_MAD,SKU_0123,243,87,875,0.1118
1183,IXD_MAD,SKU_0221,35,10,100,0.0567
1184,IXD_MAD,SKU_0060,323,87,875,0.0994
1185,IXD_MAD,SKU_0022,39,10,100,0.0774
1186,IXD_MAD,SKU_0073,154,30,300,0.0901
1187,IXD_MAD,SKU_0154,219,87,875,0.0908
1188,IXD_MAD,SKU_0140,27,10,100,0.1202
1189,IXD_MAD,SKU_0105,446,87,875,0.102
1190,IXD_MAD,SKU_0209,104,30,300,0.0185
1191,IXD_MAD,SKU_0049,103,30,300,0.0795
1192,IXD_MAD,SKU_0002,95,30,300,0.0084
1193,IXD_MAD,SKU_0182,132,30,300,0.0533
1194,IXD_MAD,SKU_0191,341,87,875,0.1045
1195,IXD_MAD,SKU_0198,359,87,875,0.0762
1196,IXD_MAD,SKU_0213,32,10,100,0.0894
1197,IXD_MAD,SKU_0233,38,10,100,0.0724
1198,IXD_MAD,SKU_0248,120,30,300,0.1037
1199,IXD_PAR,SKU_0239,39,10,100,0.0924
1200,IXD_PAR,SKU_0206,52,10,100,0.0098
1201,IXD_PAR,SKU_0133,90,30,300,0.0718
1202,IXD_PAR,SKU_0074,49,10,100,0.0241
1203,IXD_PAR,SKU_0050,354,87,875,0.0186
1204,IXD_PAR,SKU_0009,50,10,100,0.0557
1205,IXD_PAR,SKU_0201,128,30,300,0.0642
1206,IXD_PAR,SKU_0154,193,87,875,0.0908
1207,IXD_PAR,SKU_0131,177,30,300,0.048
1208,IXD_PAR,SKU_0248,76,30,300,0.1037
1209,IXD_PAR,SKU_0179,30,10,100,0.0775
1210,IXD_PAR,SKU_0060,359,87,875,0.0994
1211,IXD_PAR,SKU_0158,24,10,100,0.0442
1212,IXD_PAR,SKU_0044,162,30,300,0.0834
1213,IXD_PAR,SKU_0173,43,10,100,0.0421
1214,IXD_PAR,SKU_0010,174,30,300,0.0952
1215,IXD_PAR,SKU_0093,43,10,100,0.0885
1216,IXD_PAR,SKU_0062,84,30,300,0.0582
1217,IXD_PAR,SKU_0168,93,30,300,0.0883
1218,IXD_PAR,SKU_0001,453,87,875,0.0415
1219,IXD_PAR,SKU_0041,325,87,875,0.0689
1220,IXD_PAR,SKU_0023,93,30,300,0.0193
1221,IXD_PAR,SKU_0071,325,87,875,0.1109
1222,IXD_PAR,SKU_0200,453,87,875,0.0881
1223,IXD_PAR,SKU_0103,119,30,300,0.0483
1224,IXD_PAR,SKU_0091,253,87,875,0.0152
1225,IXD_PAR,SKU_0172,98,30,300,0.1028
1226,IXD_PAR,SKU_0102,37,10,100,0.0372
1227,IXD_PAR,SKU_0104,321,87,875,0.0851
1228,IXD_PAR,SKU_0151,143,30,300,0.1269
1229,IXD_PAR,SKU_0052,290,87,875,0.1275
1230,IXD_PAR,SKU_0241,36,10,100,0.0067
1231,IXD_PAR,SKU_0004,117,30,300,0.1141
1232,IXD_PAR,SKU_0189,36,30,300,0.0466
1233,IXD_PAR,SKU_0181,413,87,875,0.0213
1234,IXD_PAR,SKU_0018,174,30,300,0.0851
1235,IXD_PAR,SKU_0024,357,87,875,0.0812
1236,IXD_PAR,SKU_0141,146,30,300,0.1179
1237,IXD_PAR,SKU_0073,117,30,300,0.0901
1238,IXD_PAR,SKU_0186,145,30,300,0.0836
1239,IXD_PAR,SKU_0144,451,87,875,0.1053
1240,IXD_PAR,SKU_0150,61,30,300,0.0175
1241,IXD_PAR,SKU_0090,81,30,300,0.0329
1242,IXD_PAR,SKU_0089,493,87,875,0.0623
1243,IXD_PAR,SKU_0228,130,30,300,0.1232
1244,IXD_PAR,SKU_0058,43,10,100,0.0363
1245,IXD_PAR,SKU_0156,160,30,300,0.0618
1246,IXD_PAR,SKU_0246,316,87,875,0.0756
1247,IXD_PAR,SKU_0117,63,10,100,0.0558
1248,IXD_PAR,SKU_0222,122,30,300,0.0799
1249,IXD_PAR,SKU_0148,62,10,100,0.1209
1250,IXD_PAR,SKU_0002,101,30,300,0.0084
1251,IXD_PAR,SKU_0067,98,30,300,0.0136
1252,IXD_PAR,SKU_0045,416,87,875,0.0579
1253,IXD_PAR,SKU_0105,523,87,875,0.102
1254,IXD_PAR,SKU_0130,75,30,300,0.0433
1255,IXD_PAR,SKU_0028,274,87,875,0.05
1256,IXD_PAR,SKU_0210,106,30,300,0.0463
1257,IXD_PAR,SKU_0019,145,30,300,0.0197
1258,IXD_PAR,SKU_0129,175,30,300,0.0477
1259,IXD_PAR,SKU_0076,244,87,875,0.0933
1260,IXD_PAR,SKU_0088,117,30,300,0.1183
1261,IXD_PAR,SKU_0030,350,87,875,0.0364
1262,IXD_PAR,SKU_0132,101,30,300,0.0778
1263,IXD_PAR,SKU_0066,82,30,300,0.0824
1264,IXD_PAR,SKU_0138,113,30,300,0.0697
1265,IXD_PAR,SKU_0227,375,87,875,0.0228
1266,IXD_BER,SKU_0101,38,10,100,0.0846
1267,IXD_BER,SKU_0221,50,10,100,0.0567
1268,IXD_BER,SKU_0176,154,30,300,0.0852
1269,IXD_BER,SKU_0199,122,30,300,0.1022
1270,IXD_BER,SKU_0045,397,87,875,0.0579
1271,IXD_BER,SKU_0118,116,30,300,0.0885
1272,IXD_BER,SKU_0031,146,30,300,0.124
1273,IXD_BER,SKU_0179,29,10,100,0.0775
1274,IXD_BER,SKU_0133,134,30,300,0.0718
1275,IXD_BER,SKU_0245,175,30,300,0.0368
1276,IXD_BER,SKU_0081,64,10,100,0.0749
1277,IXD_BER,SKU_0177,52,10,100,0.032
1278,IXD_BER,SKU_0003,172,30,300,0.1014
1279,IXD_BER,SKU_0004,138,30,300,0.1141
1280,IXD_BER,SKU_0173,52,10,100,0.0421
1281,IXD_BER,SKU_0054,190,30,300,0.0622
1282,IXD_BER,SKU_0098,118,30,300,0.0505
1283,IXD_BER,SKU_0149,62,30,300,0.036
1284,IXD_BER,SKU_0026,37,10,100,0.1303
1285,IXD_BER,SKU_0084,126,30,300,0.0674
1286,IXD_BER,SKU_0093,30,10,100,0.0885
1287,IXD_BER,SKU_0157,25,10,100,0.0186
1288,IXD_BER,SKU_0249,102,30,300,0.0501
1289,IXD_BER,SKU_0067,75,30,300,0.0136
1290,IXD_BER,SKU_0048,445,87,875,0.0636
1291,IXD_BER,SKU_0141,181,30,300,0.1179
1292,IXD_BER,SKU_0068,144,30,300,0.021
1293,IXD_BER,SKU_0061,203,87,875,0.1289
1294,IXD_BER,SKU_0069,127,30,300,0.0443
1295,IXD_BER,SKU_0121,89,30,300,0.0996
1296,IXD_BER,SKU_0229,379,87,875,0.0983
1297,IXD_BER,SKU_0088,90,30,300,0.1183
1298,IXD_BER,SKU_0094,155,30,300,0.0389
1299,IXD_BER,SKU_0226,423,87,875,0.0461
1300,IXD_BER,SKU_0128,36,10,100,0.0633
1301,IXD_BER,SKU_0109,138,30,300,0.1051
1302,IXD_BER,SKU_0235,122,30,300,0.0742
1303,IXD_BER,SKU_0108,182,30,300,0.0658
1304,IXD_BER,SKU_0180,150,87,875,0.1115
1305,IXD_BER,SKU_0193,134,30,300,0.0519
1306,IXD_BER,SKU_0096,480,87,875,0.098
1307,IXD_BER,SKU_0218,106,30,300,0.0687
1308,IXD_BER,SKU_0103,102,30,300,0.0483
1309,IXD_BER,SKU_0072,126,30,300,0.0331
1310,IXD_BER,SKU_0116,253,87,875,0.0378
1311,IXD_BER,SKU_0047,100,30,300,0.0221
1312,IXD_BER,SKU_0147,242,87,875,0.1103
