sla_id,from_node,to_node,measurement_date,planned_transit_hrs,actual_transit_hrs,sla_breached,delay_hrs,delay_reason
1,1DC_BCN,IXD_BCN,2024-09-01,10.0,7.2,False,0.0,
2,1DC_BCN,IXD_BCN,2024-09-04,10.0,10.8,True,0.8,port_congestion
3,1DC_BCN,IXD_BCN,2024-09-07,10.0,7.2,False,0.0,
4,1DC_BCN,IXD_BCN,2024-09-10,10.0,9.5,False,0.0,
5,1DC_BCN,IXD_BCN,2024-09-13,10.0,10.0,False,0.0,
6,1DC_BCN,IXD_BCN,2024-09-16,10.0,10.5,True,0.5,customs_hold
7,1DC_BCN,IXD_BCN,2024-09-19,10.0,7.3,False,0.0,
8,1DC_BCN,IXD_BCN,2024-09-22,10.0,8.8,False,0.0,
9,1DC_BCN,IXD_BCN,2024-09-25,10.0,10.8,True,0.8,carrier_capacity
10,1DC_BCN,IXD_BCN,2024-09-28,10.0,10.5,True,0.5,driver_shortage
11,1DC_BCN,IXD_BCN,2024-10-01,10.0,12.2,True,2.2,port_congestion
12,1DC_BCN,IXD_BCN,2024-10-04,10.0,9.0,False,0.0,
13,1DC_BCN,IXD_BCN,2024-10-07,10.0,11.2,True,1.2,driver_shortage
14,1DC_BCN,IXD_BCN,2024-10-10,10.0,7.3,False,0.0,
15,1DC_BCN,IXD_BCN,2024-10-13,10.0,12.0,True,2.0,port_congestion
16,1DC_BCN,IXD_BCN,2024-10-16,10.0,9.6,False,0.0,
17,1DC_BCN,IXD_BCN,2024-10-19,10.0,9.3,False,0.0,
18,1DC_BCN,IXD_BCN,2024-10-22,10.0,7.6,False,0.0,
19,1DC_BCN,IXD_BCN,2024-10-25,10.0,8.2,False,0.0,
20,1DC_BCN,IXD_BCN,2024-10-28,10.0,8.2,False,0.0,
21,1DC_BCN,IXD_BCN,2024-10-31,10.0,8.7,False,0.0,
22,1DC_BCN,IXD_BCN,2024-11-03,10.0,9.4,False,0.0,
23,1DC_BCN,IXD_BCN,2024-11-06,10.0,10.2,True,0.2,port_congestion
24,1DC_BCN,IXD_BCN,2024-11-09,10.0,11.6,True,1.6,weather
25,1DC_BCN,IXD_BCN,2024-11-12,10.0,11.4,True,1.4,weather
26,1DC_BCN,IXD_BCN,2024-11-15,10.0,10.0,False,0.0,
27,1DC_BCN,IXD_BCN,2024-11-18,10.0,8.5,False,0.0,
28,1DC_BCN,IXD_BCN,2024-11-21,10.0,10.5,True,0.5,carrier_capacity
29,1DC_BCN,IXD_BCN,2024-11-24,10.0,13.7,True,3.7,port_congestion
30,1DC_BCN,IXD_BCN,2024-11-27,10.0,6.1,False,0.0,
31,1DC_BCN,IXD_BCN,2024-11-30,10.0,10.2,True,0.2,weather
32,1DC_BCN,IXD_BCN,2024-12-03,10.0,8.3,False,0.0,
33,1DC_BCN,IXD_BCN,2024-12-06,10.0,10.1,True,0.1,driver_shortage
34,1DC_BCN,IXD_BCN,2024-12-09,10.0,10.9,True,0.9,carrier_capacity
35,1DC_BCN,IXD_BCN,2024-12-12,10.0,7.8,False,0.0,
36,1DC_BCN,IXD_BCN,2024-12-15,10.0,13.9,True,3.9,port_congestion
37,1DC_BCN,IXD_BCN,2024-12-18,10.0,9.8,False,0.0,
38,1DC_BCN,IXD_BCN,2024-12-21,10.0,8.9,False,0.0,
39,1DC_BCN,IXD_BCN,2024-12-24,10.0,8.0,False,0.0,
40,1DC_BCN,IXD_BCN,2024-12-27,10.0,11.3,True,1.3,weather
41,IXD_BCN,FC_BCN1,2024-09-01,5.0,4.6,False,0.0,
42,IXD_BCN,FC_BCN1,2024-09-04,5.0,4.7,False,0.0,
43,IXD_BCN,FC_BCN1,2024-09-07,5.0,2.9,False,0.0,
44,IXD_BCN,FC_BCN1,2024-09-10,5.0,5.8,True,0.8,port_congestion
45,IXD_BCN,FC_BCN1,2024-09-13,5.0,4.0,False,0.0,
46,IXD_BCN,FC_BCN1,2024-09-16,5.0,5.4,True,0.4,weather
47,IXD_BCN,FC_BCN1,2024-09-19,5.0,4.2,False,0.0,
48,IXD_BCN,FC_BCN1,2024-09-22,5.0,4.8,False,0.0,
49,IXD_BCN,FC_BCN1,2024-09-25,5.0,5.6,True,0.6,driver_shortage
50,IXD_BCN,FC_BCN1,2024-09-28,5.0,4.3,False,0.0,
51,IXD_BCN,FC_BCN1,2024-10-01,5.0,3.2,False,0.0,
52,IXD_BCN,FC_BCN1,2024-10-04,5.0,4.5,False,0.0,
53,IXD_BCN,FC_BCN1,2024-10-07,5.0,5.8,True,0.8,port_congestion
54,IXD_BCN,FC_BCN1,2024-10-10,5.0,3.8,False,0.0,
55,IXD_BCN,FC_BCN1,2024-10-13,5.0,4.0,False,0.0,
56,IXD_BCN,FC_BCN1,2024-10-16,5.0,4.6,False,0.0,
57,IXD_BCN,FC_BCN1,2024-10-19,5.0,6.2,True,1.2,carrier_capacity
58,IXD_BCN,FC_BCN1,2024-10-22,5.0,3.8,False,0.0,
59,IXD_BCN,FC_BCN1,2024-10-25,5.0,5.0,False,0.0,
60,IXD_BCN,FC_BCN1,2024-10-28,5.0,6.6,True,1.6,customs_hold
61,IXD_BCN,FC_BCN1,2024-10-31,5.0,4.4,False,0.0,
62,IXD_BCN,FC_BCN1,2024-11-03,5.0,2.8,False,0.0,
63,IXD_BCN,FC_BCN1,2024-11-06,5.0,3.4,False,0.0,
64,IXD_BCN,FC_BCN1,2024-11-09,5.0,5.0,False,0.0,
65,IXD_BCN,FC_BCN1,2024-11-12,5.0,5.9,True,0.9,carrier_capacity
66,IXD_BCN,FC_BCN1,2024-11-15,5.0,4.5,False,0.0,
67,IXD_BCN,FC_BCN1,2024-11-18,5.0,3.8,False,0.0,
68,IXD_BCN,FC_BCN1,2024-11-21,5.0,5.5,True,0.5,customs_hold
69,IXD_BCN,FC_BCN1,2024-11-24,5.0,4.9,False,0.0,
70,IXD_BCN,FC_BCN1,2024-11-27,5.0,5.7,True,0.7,carrier_capacity
71,IXD_BCN,FC_BCN1,2024-11-30,5.0,4.5,False,0.0,
72,IXD_BCN,FC_BCN1,2024-12-03,5.0,5.5,True,0.5,port_congestion
73,IXD_BCN,FC_BCN1,2024-12-06,5.0,4.6,False,0.0,
74,IXD_BCN,FC_BCN1,2024-12-09,5.0,5.7,True,0.7,weather
75,IXD_BCN,FC_BCN1,2024-12-12,5.0,5.3,True,0.3,customs_hold
76,IXD_BCN,FC_BCN1,2024-12-15,5.0,4.3,False,0.0,
77,IXD_BCN,FC_BCN1,2024-12-18,5.0,3.6,False,0.0,
78,IXD_BCN,FC_BCN1,2024-12-21,5.0,5.3,True,0.3,weather
79,IXD_BCN,FC_BCN1,2024-12-24,5.0,5.4,True,0.4,driver_shortage
80,IXD_BCN,FC_BCN1,2024-12-27,5.0,5.2,True,0.2,customs_hold
81,RDC_IBE,IXD_BCN,2024-09-01,10.0,8.1,False,0.0,
82,RDC_IBE,IXD_BCN,2024-09-04,10.0,9.9,False,0.0,
83,RDC_IBE,IXD_BCN,2024-09-07,10.0,7.4,False,0.0,
84,RDC_IBE,IXD_BCN,2024-09-10,10.0,10.2,True,0.2,weather
85,RDC_IBE,IXD_BCN,2024-09-13,10.0,11.3,True,1.3,carrier_capacity
86,RDC_IBE,IXD_BCN,2024-09-16,10.0,7.5,False,0.0,
87,RDC_IBE,IXD_BCN,2024-09-19,10.0,10.6,True,0.6,customs_hold
88,RDC_IBE,IXD_BCN,2024-09-22,10.0,10.3,True,0.3,driver_shortage
89,RDC_IBE,IXD_BCN,2024-09-25,10.0,5.1,False,0.0,
90,RDC_IBE,IXD_BCN,2024-09-28,10.0,13.1,True,3.1,customs_hold
91,RDC_IBE,IXD_BCN,2024-10-01,10.0,10.0,False,0.0,
92,RDC_IBE,IXD_BCN,2024-10-04,10.0,12.0,True,2.0,carrier_capacity
93,RDC_IBE,IXD_BCN,2024-10-07,10.0,8.4,False,0.0,
94,RDC_IBE,IXD_BCN,2024-10-10,10.0,11.7,True,1.7,driver_shortage
95,RDC_IBE,IXD_BCN,2024-10-13,10.0,8.3,False,0.0,
96,RDC_IBE,IXD_BCN,2024-10-16,10.0,10.5,True,0.5,port_congestion
97,RDC_IBE,IXD_BCN,2024-10-19,10.0,10.2,True,0.2,customs_hold
98,RDC_IBE,IXD_BCN,2024-10-22,10.0,7.9,False,0.0,
99,RDC_IBE,IXD_BCN,2024-10-25,10.0,7.7,False,0.0,
100,RDC_IBE,IXD_BCN,2024-10-28,10.0,8.8,False,0.0,
101,RDC_IBE,IXD_BCN,2024-10-31,10.0,12.3,True,2.3,customs_hold
102,RDC_IBE,IXD_BCN,2024-11-03,10.0,7.7,False,0.0,
103,RDC_IBE,IXD_BCN,2024-11-06,10.0,7.9,False,0.0,
104,RDC_IBE,IXD_BCN,2024-11-09,10.0,10.0,False,0.0,
105,RDC_IBE,IXD_BCN,2024-11-12,10.0,10.9,True,0.9,port_congestion
106,RDC_IBE,IXD_BCN,2024-11-15,10.0,9.9,False,0.0,
107,RDC_IBE,IXD_BCN,2024-11-18,10.0,11.8,True,1.8,port_congestion
108,RDC_IBE,IXD_BCN,2024-11-21,10.0,9.3,False,0.0,
109,RDC_IBE,IXD_BCN,2024-11-24,10.0,9.9,False,0.0,
110,RDC_IBE,IXD_BCN,2024-11-27,10.0,10.5,True,0.5,port_congestion
111,RDC_IBE,IXD_BCN,2024-11-30,10.0,7.8,False,0.0,
112,RDC_IBE,IXD_BCN,2024-12-03,10.0,10.0,False,0.0,
113,RDC_IBE,IXD_BCN,2024-12-06,10.0,12.0,True,2.0,weather
114,RDC_IBE,IXD_BCN,2024-12-09,10.0,6.1,False,0.0,
115,RDC_IBE,IXD_BCN,2024-12-12,10.0,7.9,False,0.0,
116,RDC_IBE,IXD_BCN,2024-12-15,10.0,10.1,True,0.1,carrier_capacity
117,RDC_IBE,IXD_BCN,2024-12-18,10.0,9.3,False,0.0,
118,RDC_IBE,IXD_BCN,2024-12-21,10.0,8.0,False,0.0,
119,RDC_IBE,IXD_BCN,2024-12-24,10.0,13.2,True,3.2,weather
120,RDC_IBE,IXD_BCN,2024-12-27,10.0,5.9,False,0.0,
121,IXD_BCN,FC_BCN1,2024-09-01,5.0,5.2,True,0.2,weather
122,IXD_BCN,FC_BCN1,2024-09-04,5.0,4.7,False,0.0,
123,IXD_BCN,FC_BCN1,2024-09-07,5.0,3.6,False,0.0,
124,IXD_BCN,FC_BCN1,2024-09-10,5.0,5.3,True,0.3,driver_shortage
125,IXD_BCN,FC_BCN1,2024-09-13,5.0,6.0,True,1.0,carrier_capacity
126,IXD_BCN,FC_BCN1,2024-09-16,5.0,5.6,True,0.6,customs_hold
127,IXD_BCN,FC_BCN1,2024-09-19,5.0,6.0,True,1.0,driver_shortage
128,IXD_BCN,FC_BCN1,2024-09-22,5.0,4.5,False,0.0,
129,IXD_BCN,FC_BCN1,2024-09-25,5.0,6.1,True,1.1,port_congestion
130,IXD_BCN,FC_BCN1,2024-09-28,5.0,3.9,False,0.0,
131,IXD_BCN,FC_BCN1,2024-10-01,5.0,4.8,False,0.0,
132,IXD_BCN,FC_BCN1,2024-10-04,5.0,4.9,False,0.0,
133,IXD_BCN,FC_BCN1,2024-10-07,5.0,5.6,True,0.6,customs_hold
134,IXD_BCN,FC_BCN1,2024-10-10,5.0,4.3,False,0.0,
135,IXD_BCN,FC_BCN1,2024-10-13,5.0,5.4,True,0.4,carrier_capacity
136,IXD_BCN,FC_BCN1,2024-10-16,5.0,4.3,False,0.0,
137,IXD_BCN,FC_BCN1,2024-10-19,5.0,3.6,False,0.0,
138,IXD_BCN,FC_BCN1,2024-10-22,5.0,4.5,False,0.0,
139,IXD_BCN,FC_BCN1,2024-10-25,5.0,4.1,False,0.0,
140,IXD_BCN,FC_BCN1,2024-10-28,5.0,5.4,True,0.4,weather
141,IXD_BCN,FC_BCN1,2024-10-31,5.0,4.4,False,0.0,
142,IXD_BCN,FC_BCN1,2024-11-03,5.0,4.4,False,0.0,
143,IXD_BCN,FC_BCN1,2024-11-06,5.0,5.6,True,0.6,port_congestion
144,IXD_BCN,FC_BCN1,2024-11-09,5.0,3.9,False,0.0,
145,IXD_BCN,FC_BCN1,2024-11-12,5.0,3.1,False,0.0,
146,IXD_BCN,FC_BCN1,2024-11-15,5.0,4.0,False,0.0,
147,IXD_BCN,FC_BCN1,2024-11-18,5.0,3.1,False,0.0,
148,IXD_BCN,FC_BCN1,2024-11-21,5.0,6.9,True,1.9,port_congestion
149,IXD_BCN,FC_BCN1,2024-11-24,5.0,4.8,False,0.0,
150,IXD_BCN,FC_BCN1,2024-11-27,5.0,2.9,False,0.0,
151,IXD_BCN,FC_BCN1,2024-11-30,5.0,4.5,False,0.0,
152,IXD_BCN,FC_BCN1,2024-12-03,5.0,5.0,False,0.0,
153,IXD_BCN,FC_BCN1,2024-12-06,5.0,4.3,False,0.0,
154,IXD_BCN,FC_BCN1,2024-12-09,5.0,5.1,True,0.1,port_congestion
155,IXD_BCN,FC_BCN1,2024-12-12,5.0,5.1,True,0.1,port_congestion
156,IXD_BCN,FC_BCN1,2024-12-15,5.0,5.7,True,0.7,weather
157,IXD_BCN,FC_BCN1,2024-12-18,5.0,6.0,True,1.0,port_congestion
158,IXD_BCN,FC_BCN1,2024-12-21,5.0,3.6,False,0.0,
159,IXD_BCN,FC_BCN1,2024-12-24,5.0,4.7,False,0.0,
160,IXD_BCN,FC_BCN1,2024-12-27,5.0,5.2,True,0.2,customs_hold
161,1DC_BCN,IXD_BCN,2024-09-01,10.0,12.2,True,2.2,driver_shortage
162,1DC_BCN,IXD_BCN,2024-09-04,10.0,9.7,False,0.0,
163,1DC_BCN,IXD_BCN,2024-09-07,10.0,12.1,True,2.1,port_congestion
164,1DC_BCN,IXD_BCN,2024-09-10,10.0,10.9,True,0.9,weather
165,1DC_BCN,IXD_BCN,2024-09-13,10.0,8.9,False,0.0,
166,1DC_BCN,IXD_BCN,2024-09-16,10.0,10.5,True,0.5,driver_shortage
167,1DC_BCN,IXD_BCN,2024-09-19,10.0,8.9,False,0.0,
168,1DC_BCN,IXD_BCN,2024-09-22,10.0,13.3,True,3.3,customs_hold
169,1DC_BCN,IXD_BCN,2024-09-25,10.0,11.2,True,1.2,carrier_capacity
170,1DC_BCN,IXD_BCN,2024-09-28,10.0,12.4,True,2.4,port_congestion
171,1DC_BCN,IXD_BCN,2024-10-01,10.0,6.7,False,0.0,
172,1DC_BCN,IXD_BCN,2024-10-04,10.0,9.3,False,0.0,
173,1DC_BCN,IXD_BCN,2024-10-07,10.0,12.0,True,2.0,port_congestion
174,1DC_BCN,IXD_BCN,2024-10-10,10.0,9.0,False,0.0,
175,1DC_BCN,IXD_BCN,2024-10-13,10.0,8.8,False,0.0,
176,1DC_BCN,IXD_BCN,2024-10-16,10.0,5.7,False,0.0,
177,1DC_BCN,IXD_BCN,2024-10-19,10.0,10.3,True,0.3,customs_hold
178,1DC_BCN,IXD_BCN,2024-10-22,10.0,10.5,True,0.5,weather
179,1DC_BCN,IXD_BCN,2024-10-25,10.0,10.5,True,0.5,customs_hold
180,1DC_BCN,IXD_BCN,2024-10-28,10.0,12.3,True,2.3,driver_shortage
181,1DC_BCN,IXD_BCN,2024-10-31,10.0,9.2,False,0.0,
182,1DC_BCN,IXD_BCN,2024-11-03,10.0,4.2,False,0.0,
183,1DC_BCN,IXD_BCN,2024-11-06,10.0,7.6,False,0.0,
184,1DC_BCN,IXD_BCN,2024-11-09,10.0,8.8,False,0.0,
185,1DC_BCN,IXD_BCN,2024-11-12,10.0,8.4,False,0.0,
186,1DC_BCN,IXD_BCN,2024-11-15,10.0,8.0,False,0.0,
187,1DC_BCN,IXD_BCN,2024-11-18,10.0,11.3,True,1.3,driver_shortage
188,1DC_BCN,IXD_BCN,2024-11-21,10.0,11.5,True,1.5,driver_shortage
189,1DC_BCN,IXD_BCN,2024-11-24,10.0,11.0,True,1.0,port_congestion
190,1DC_BCN,IXD_BCN,2024-11-27,10.0,9.9,False,0.0,
191,1DC_BCN,IXD_BCN,2024-11-30,10.0,10.2,True,0.2,carrier_capacity
192,1DC_BCN,IXD_BCN,2024-12-03,10.0,11.4,True,1.4,weather
193,1DC_BCN,IXD_BCN,2024-12-06,10.0,7.6,False,0.0,
194,1DC_BCN,IXD_BCN,2024-12-09,10.0,7.6,False,0.0,
195,1DC_BCN,IXD_BCN,2024-12-12,10.0,8.0,False,0.0,
196,1DC_BCN,IXD_BCN,2024-12-15,10.0,9.5,False,0.0,
197,1DC_BCN,IXD_BCN,2024-12-18,10.0,10.0,False,0.0,
198,1DC_BCN,IXD_BCN,2024-12-21,10.0,12.0,True,2.0,driver_shortage
199,1DC_BCN,IXD_BCN,2024-12-24,10.0,11.1,True,1.1,driver_shortage
200,1DC_BCN,IXD_BCN,2024-12-27,10.0,9.7,False,0.0,
201,IXD_BCN,FC_BCN2,2024-09-01,5.0,4.2,False,0.0,
202,IXD_BCN,FC_BCN2,2024-09-04,5.0,4.6,False,0.0,
203,IXD_BCN,FC_BCN2,2024-09-07,5.0,3.7,False,0.0,
204,IXD_BCN,FC_BCN2,2024-09-10,5.0,3.4,False,0.0,
205,IXD_BCN,FC_BCN2,2024-09-13,5.0,6.5,True,1.5,weather
206,IXD_BCN,FC_BCN2,2024-09-16,5.0,4.4,False,0.0,
207,IXD_BCN,FC_BCN2,2024-09-19,5.0,7.1,True,2.1,port_congestion
208,IXD_BCN,FC_BCN2,2024-09-22,5.0,5.2,True,0.2,port_congestion
209,IXD_BCN,FC_BCN2,2024-09-25,5.0,3.3,False,0.0,
210,IXD_BCN,FC_BCN2,2024-09-28,5.0,5.4,True,0.4,port_congestion
211,IXD_BCN,FC_BCN2,2024-10-01,5.0,5.5,True,0.5,weather
212,IXD_BCN,FC_BCN2,2024-10-04,5.0,5.0,False,0.0,
213,IXD_BCN,FC_BCN2,2024-10-07,5.0,4.3,False,0.0,
214,IXD_BCN,FC_BCN2,2024-10-10,5.0,4.3,False,0.0,
215,IXD_BCN,FC_BCN2,2024-10-13,5.0,5.1,True,0.1,weather
216,IXD_BCN,FC_BCN2,2024-10-16,5.0,5.3,True,0.3,carrier_capacity
217,IXD_BCN,FC_BCN2,2024-10-19,5.0,5.2,True,0.2,port_congestion
218,IXD_BCN,FC_BCN2,2024-10-22,5.0,5.0,False,0.0,
219,IXD_BCN,FC_BCN2,2024-10-25,5.0,5.6,True,0.6,driver_shortage
220,IXD_BCN,FC_BCN2,2024-10-28,5.0,2.8,False,0.0,
221,IXD_BCN,FC_BCN2,2024-10-31,5.0,3.2,False,0.0,
222,IXD_BCN,FC_BCN2,2024-11-03,5.0,4.6,False,0.0,
223,IXD_BCN,FC_BCN2,2024-11-06,5.0,5.9,True,0.9,driver_shortage
224,IXD_BCN,FC_BCN2,2024-11-09,5.0,5.1,True,0.1,customs_hold
225,IXD_BCN,FC_BCN2,2024-11-12,5.0,3.9,False,0.0,
226,IXD_BCN,FC_BCN2,2024-11-15,5.0,4.7,False,0.0,
227,IXD_BCN,FC_BCN2,2024-11-18,5.0,4.1,False,0.0,
228,IXD_BCN,FC_BCN2,2024-11-21,5.0,4.9,False,0.0,
229,IXD_BCN,FC_BCN2,2024-11-24,5.0,4.6,False,0.0,
230,IXD_BCN,FC_BCN2,2024-11-27,5.0,4.5,False,0.0,
231,IXD_BCN,FC_BCN2,2024-11-30,5.0,4.1,False,0.0,
232,IXD_BCN,FC_BCN2,2024-12-03,5.0,5.3,True,0.3,weather
233,IXD_BCN,FC_BCN2,2024-12-06,5.0,5.9,True,0.9,port_congestion
234,IXD_BCN,FC_BCN2,2024-12-09,5.0,2.9,False,0.0,
235,IXD_BCN,FC_BCN2,2024-12-12,5.0,4.8,False,0.0,
236,IXD_BCN,FC_BCN2,2024-12-15,5.0,4.8,False,0.0,
237,IXD_BCN,FC_BCN2,2024-12-18,5.0,5.0,False,0.0,
238,IXD_BCN,FC_BCN2,2024-12-21,5.0,3.5,False,0.0,
239,IXD_BCN,FC_BCN2,2024-12-24,5.0,4.6,False,0.0,
240,IXD_BCN,FC_BCN2,2024-12-27,5.0,3.9,False,0.0,
241,RDC_IBE,IXD_BCN,2024-09-01,10.0,7.5,False,0.0,
242,RDC_IBE,IXD_BCN,2024-09-04,10.0,11.3,True,1.3,driver_shortage
243,RDC_IBE,IXD_BCN,2024-09-07,10.0,9.1,False,0.0,
244,RDC_IBE,IXD_BCN,2024-09-10,10.0,10.3,True,0.3,port_congestion
245,RDC_IBE,IXD_BCN,2024-09-13,10.0,9.9,False,0.0,
246,RDC_IBE,IXD_BCN,2024-09-16,10.0,9.2,False,0.0,
247,RDC_IBE,IXD_BCN,2024-09-19,10.0,8.9,False,0.0,
248,RDC_IBE,IXD_BCN,2024-09-22,10.0,9.5,False,0.0,
249,RDC_IBE,IXD_BCN,2024-09-25,10.0,4.7,False,0.0,
250,RDC_IBE,IXD_BCN,2024-09-28,10.0,7.7,False,0.0,
251,RDC_IBE,IXD_BCN,2024-10-01,10.0,7.7,False,0.0,
252,RDC_IBE,IXD_BCN,2024-10-04,10.0,11.9,True,1.9,weather
253,RDC_IBE,IXD_BCN,2024-10-07,10.0,9.0,False,0.0,
254,RDC_IBE,IXD_BCN,2024-10-10,10.0,7.7,False,0.0,
255,RDC_IBE,IXD_BCN,2024-10-13,10.0,9.6,False,0.0,
256,RDC_IBE,IXD_BCN,2024-10-16,10.0,7.8,False,0.0,
257,RDC_IBE,IXD_BCN,2024-10-19,10.0,11.3,True,1.3,driver_shortage
258,RDC_IBE,IXD_BCN,2024-10-22,10.0,8.0,False,0.0,
259,RDC_IBE,IXD_BCN,2024-10-25,10.0,11.5,True,1.5,customs_hold
260,RDC_IBE,IXD_BCN,2024-10-28,10.0,8.8,False,0.0,
261,RDC_IBE,IXD_BCN,2024-10-31,10.0,10.3,True,0.3,driver_shortage
262,RDC_IBE,IXD_BCN,2024-11-03,10.0,7.4,False,0.0,
263,RDC_IBE,IXD_BCN,2024-11-06,10.0,8.3,False,0.0,
264,RDC_IBE,IXD_BCN,2024-11-09,10.0,9.8,False,0.0,
265,RDC_IBE,IXD_BCN,2024-11-12,10.0,9.7,False,0.0,
266,RDC_IBE,IXD_BCN,2024-11-15,10.0,7.1,False,0.0,
267,RDC_IBE,IXD_BCN,2024-11-18,10.0,7.3,False,0.0,
268,RDC_IBE,IXD_BCN,2024-11-21,10.0,9.5,False,0.0,
269,RDC_IBE,IXD_BCN,2024-11-24,10.0,8.2,False,0.0,
270,RDC_IBE,IXD_BCN,2024-11-27,10.0,6.2,False,0.0,
271,RDC_IBE,IXD_BCN,2024-11-30,10.0,6.6,False,0.0,
272,RDC_IBE,IXD_BCN,2024-12-03,10.0,9.1,False,0.0,
273,RDC_IBE,IXD_BCN,2024-12-06,10.0,7.4,False,0.0,
274,RDC_IBE,IXD_BCN,2024-12-09,10.0,8.8,False,0.0,
275,RDC_IBE,IXD_BCN,2024-12-12,10.0,9.1,False,0.0,
276,RDC_IBE,IXD_BCN,2024-12-15,10.0,8.5,False,0.0,
277,RDC_IBE,IXD_BCN,2024-12-18,10.0,11.4,True,1.4,port_congestion
278,RDC_IBE,IXD_BCN,2024-12-21,10.0,7.3,False,0.0,
279,RDC_IBE,IXD_BCN,2024-12-24,10.0,7.4,False,0.0,
280,RDC_IBE,IXD_BCN,2024-12-27,10.0,9.4,False,0.0,
281,IXD_BCN,FC_BCN2,2024-09-01,5.0,4.2,False,0.0,
282,IXD_BCN,FC_BCN2,2024-09-04,5.0,5.2,True,0.2,driver_shortage
283,IXD_BCN,FC_BCN2,2024-09-07,5.0,5.3,True,0.3,carrier_capacity
284,IXD_BCN,FC_BCN2,2024-09-10,5.0,5.0,False,0.0,
285,IXD_BCN,FC_BCN2,2024-09-13,5.0,4.0,False,0.0,
286,IXD_BCN,FC_BCN2,2024-09-16,5.0,4.3,False,0.0,
287,IXD_BCN,FC_BCN2,2024-09-19,5.0,4.6,False,0.0,
288,IXD_BCN,FC_BCN2,2024-09-22,5.0,4.6,False,0.0,
289,IXD_BCN,FC_BCN2,2024-09-25,5.0,4.0,False,0.0,
290,IXD_BCN,FC_BCN2,2024-09-28,5.0,4.0,False,0.0,
291,IXD_BCN,FC_BCN2,2024-10-01,5.0,4.4,False,0.0,
292,IXD_BCN,FC_BCN2,2024-10-04,5.0,3.8,False,0.0,
293,IXD_BCN,FC_BCN2,2024-10-07,5.0,5.4,True,0.4,driver_shortage
294,IXD_BCN,FC_BCN2,2024-10-10,5.0,4.8,False,0.0,
295,IXD_BCN,FC_BCN2,2024-10-13,5.0,4.9,False,0.0,
296,IXD_BCN,FC_BCN2,2024-10-16,5.0,3.1,False,0.0,
297,IXD_BCN,FC_BCN2,2024-10-19,5.0,6.8,True,1.8,carrier_capacity
298,IXD_BCN,FC_BCN2,2024-10-22,5.0,4.3,False,0.0,
299,IXD_BCN,FC_BCN2,2024-10-25,5.0,4.9,False,0.0,
300,IXD_BCN,FC_BCN2,2024-10-28,5.0,5.2,True,0.2,driver_shortage
301,IXD_BCN,FC_BCN2,2024-10-31,5.0,4.0,False,0.0,
302,IXD_BCN,FC_BCN2,2024-11-03,5.0,5.5,True,0.5,weather
303,IXD_BCN,FC_BCN2,2024-11-06,5.0,4.3,False,0.0,
304,IXD_BCN,FC_BCN2,2024-11-09,5.0,5.2,True,0.2,customs_hold
305,IXD_BCN,FC_BCN2,2024-11-12,5.0,4.3,False,0.0,
306,IXD_BCN,FC_BCN2,2024-11-15,5.0,6.0,True,1.0,port_congestion
307,IXD_BCN,FC_BCN2,2024-11-18,5.0,3.0,False,0.0,
308,IXD_BCN,FC_BCN2,2024-11-21,5.0,3.9,False,0.0,
309,IXD_BCN,FC_BCN2,2024-11-24,5.0,3.7,False,0.0,
310,IXD_BCN,FC_BCN2,2024-11-27,5.0,4.2,False,0.0,
311,IXD_BCN,FC_BCN2,2024-11-30,5.0,3.5,False,0.0,
312,IXD_BCN,FC_BCN2,2024-12-03,5.0,2.7,False,0.0,
313,IXD_BCN,FC_BCN2,2024-12-06,5.0,3.8,False,0.0,
314,IXD_BCN,FC_BCN2,2024-12-09,5.0,4.1,False,0.0,
315,IXD_BCN,FC_BCN2,2024-12-12,5.0,4.3,False,0.0,
316,IXD_BCN,FC_BCN2,2024-12-15,5.0,5.4,True,0.4,driver_shortage
317,IXD_BCN,FC_BCN2,2024-12-18,5.0,4.7,False,0.0,
318,IXD_BCN,FC_BCN2,2024-12-21,5.0,2.0,False,0.0,
319,IXD_BCN,FC_BCN2,2024-12-24,5.0,4.5,False,0.0,
320,IXD_BCN,FC_BCN2,2024-12-27,5.0,5.3,True,0.3,port_congestion
321,1DC_MAD,IXD_MAD,2024-09-01,10.0,10.8,True,0.8,port_congestion
322,1DC_MAD,IXD_MAD,2024-09-04,10.0,8.8,False,0.0,
323,1DC_MAD,IXD_MAD,2024-09-07,10.0,10.4,True,0.4,customs_hold
324,1DC_MAD,IXD_MAD,2024-09-10,10.0,11.7,True,1.7,carrier_capacity
325,1DC_MAD,IXD_MAD,2024-09-13,10.0,11.1,True,1.1,port_congestion
326,1DC_MAD,IXD_MAD,2024-09-16,10.0,8.6,False,0.0,
327,1DC_MAD,IXD_MAD,2024-09-19,10.0,7.5,False,0.0,
328,1DC_MAD,IXD_MAD,2024-09-22,10.0,6.1,False,0.0,
329,1DC_MAD,IXD_MAD,2024-09-25,10.0,11.7,True,1.7,customs_hold
330,1DC_MAD,IXD_MAD,2024-09-28,10.0,9.0,False,0.0,
331,1DC_MAD,IXD_MAD,2024-10-01,10.0,11.3,True,1.3,port_congestion
332,1DC_MAD,IXD_MAD,2024-10-04,10.0,12.3,True,2.3,port_congestion
333,1DC_MAD,IXD_MAD,2024-10-07,10.0,8.4,False,0.0,
334,1DC_MAD,IXD_MAD,2024-10-10,10.0,9.5,False,0.0,
335,1DC_MAD,IXD_MAD,2024-10-13,10.0,9.2,False,0.0,
336,1DC_MAD,IXD_MAD,2024-10-16,10.0,12.5,True,2.5,port_congestion
337,1DC_MAD,IXD_MAD,2024-10-19,10.0,8.1,False,0.0,
338,1DC_MAD,IXD_MAD,2024-10-22,10.0,7.7,False,0.0,
339,1DC_MAD,IXD_MAD,2024-10-25,10.0,10.6,True,0.6,port_congestion
340,1DC_MAD,IXD_MAD,2024-10-28,10.0,9.4,False,0.0,
341,1DC_MAD,IXD_MAD,2024-10-31,10.0,6.1,False,0.0,
342,1DC_MAD,IXD_MAD,2024-11-03,10.0,8.3,False,0.0,
343,1DC_MAD,IXD_MAD,2024-11-06,10.0,11.4,True,1.4,port_congestion
344,1DC_MAD,IXD_MAD,2024-11-09,10.0,9.1,False,0.0,
345,1DC_MAD,IXD_MAD,2024-11-12,10.0,10.8,True,0.8,port_congestion
346,1DC_MAD,IXD_MAD,2024-11-15,10.0,10.5,True,0.5,driver_shortage
347,1DC_MAD,IXD_MAD,2024-11-18,10.0,9.5,False,0.0,
348,1DC_MAD,IXD_MAD,2024-11-21,10.0,9.1,False,0.0,
349,1DC_MAD,IXD_MAD,2024-11-24,10.0,10.9,True,0.9,port_congestion
350,1DC_MAD,IXD_MAD,2024-11-27,10.0,12.3,True,2.3,carrier_capacity
351,1DC_MAD,IXD_MAD,2024-11-30,10.0,7.7,False,0.0,
352,1DC_MAD,IXD_MAD,2024-12-03,10.0,8.6,False,0.0,
353,1DC_MAD,IXD_MAD,2024-12-06,10.0,10.0,False,0.0,
354,1DC_MAD,IXD_MAD,2024-12-09,10.0,11.3,True,1.3,driver_shortage
355,1DC_MAD,IXD_MAD,2024-12-12,10.0,10.4,True,0.4,port_congestion
356,1DC_MAD,IXD_MAD,2024-12-15,10.0,4.3,False,0.0,
357,1DC_MAD,IXD_MAD,2024-12-18,10.0,10.8,True,0.8,driver_shortage
358,1DC_MAD,IXD_MAD,2024-12-21,10.0,8.6,False,0.0,
359,1DC_MAD,IXD_MAD,2024-12-24,10.0,8.7,False,0.0,
360,1DC_MAD,IXD_MAD,2024-12-27,10.0,10.5,True,0.5,carrier_capacity
361,IXD_MAD,FC_MAD1,2024-09-01,5.0,5.8,True,0.8,carrier_capacity
362,IXD_MAD,FC_MAD1,2024-09-04,5.0,4.5,False,0.0,
363,IXD_MAD,FC_MAD1,2024-09-07,5.0,4.6,False,0.0,
364,IXD_MAD,FC_MAD1,2024-09-10,5.0,4.5,False,0.0,
365,IXD_MAD,FC_MAD1,2024-09-13,5.0,4.8,False,0.0,
366,IXD_MAD,FC_MAD1,2024-09-16,5.0,5.4,True,0.4,port_congestion
367,IXD_MAD,FC_MAD1,2024-09-19,5.0,6.8,True,1.8,port_congestion
368,IXD_MAD,FC_MAD1,2024-09-22,5.0,4.1,False,0.0,
369,IXD_MAD,FC_MAD1,2024-09-25,5.0,4.5,False,0.0,
370,IXD_MAD,FC_MAD1,2024-09-28,5.0,6.5,True,1.5,weather
371,IXD_MAD,FC_MAD1,2024-10-01,5.0,4.4,False,0.0,
372,IXD_MAD,FC_MAD1,2024-10-04,5.0,4.1,False,0.0,
373,IXD_MAD,FC_MAD1,2024-10-07,5.0,5.2,True,0.2,customs_hold
374,IXD_MAD,FC_MAD1,2024-10-10,5.0,4.7,False,0.0,
375,IXD_MAD,FC_MAD1,2024-10-13,5.0,5.7,True,0.7,driver_shortage
376,IXD_MAD,FC_MAD1,2024-10-16,5.0,4.3,False,0.0,
377,IXD_MAD,FC_MAD1,2024-10-19,5.0,5.5,True,0.5,customs_hold
378,IXD_MAD,FC_MAD1,2024-10-22,5.0,4.3,False,0.0,
379,IXD_MAD,FC_MAD1,2024-10-25,5.0,5.8,True,0.8,port_congestion
380,IXD_MAD,FC_MAD1,2024-10-28,5.0,4.7,False,0.0,
381,IXD_MAD,FC_MAD1,2024-10-31,5.0,4.7,False,0.0,
382,IXD_MAD,FC_MAD1,2024-11-03,5.0,4.4,False,0.0,
383,IXD_MAD,FC_MAD1,2024-11-06,5.0,4.6,False,0.0,
384,IXD_MAD,FC_MAD1,2024-11-09,5.0,4.8,False,0.0,
385,IXD_MAD,FC_MAD1,2024-11-12,5.0,4.0,False,0.0,
386,IXD_MAD,FC_MAD1,2024-11-15,5.0,3.9,False,0.0,
387,IXD_MAD,FC_MAD1,2024-11-18,5.0,3.8,False,0.0,
388,IXD_MAD,FC_MAD1,2024-11-21,5.0,5.2,True,0.2,customs_hold
389,IXD_MAD,FC_MAD1,2024-11-24,5.0,4.9,False,0.0,
390,IXD_MAD,FC_MAD1,2024-11-27,5.0,5.4,True,0.4,port_congestion
391,IXD_MAD,FC_MAD1,2024-11-30,5.0,4.2,False,0.0,
392,IXD_MAD,FC_MAD1,2024-12-03,5.0,4.4,False,0.0,
393,IXD_MAD,FC_MAD1,2024-12-06,5.0,5.2,True,0.2,carrier_capacity
394,IXD_MAD,FC_MAD1,2024-12-09,5.0,4.5,False,0.0,
395,IXD_MAD,FC_MAD1,2024-12-12,5.0,4.5,False,0.0,
396,IXD_MAD,FC_MAD1,2024-12-15,5.0,5.9,True,0.9,port_congestion
397,IXD_MAD,FC_MAD1,2024-12-18,5.0,4.2,False,0.0,
398,IXD_MAD,FC_MAD1,2024-12-21,5.0,5.5,True,0.5,carrier_capacity
399,IXD_MAD,FC_MAD1,2024-12-24,5.0,4.5,False,0.0,
400,IXD_MAD,FC_MAD1,2024-12-27,5.0,5.2,True,0.2,weather
401,RDC_IBE,IXD_MAD,2024-09-01,10.0,9.8,False,0.0,
402,RDC_IBE,IXD_MAD,2024-09-04,10.0,7.0,False,0.0,
403,RDC_IBE,IXD_MAD,2024-09-07,10.0,11.2,True,1.2,customs_hold
404,RDC_IBE,IXD_MAD,2024-09-10,10.0,11.6,True,1.6,weather
405,RDC_IBE,IXD_MAD,2024-09-13,10.0,9.0,False,0.0,
406,RDC_IBE,IXD_MAD,2024-09-16,10.0,10.1,True,0.1,port_congestion
407,RDC_IBE,IXD_MAD,2024-09-19,10.0,10.5,True,0.5,customs_hold
408,RDC_IBE,IXD_MAD,2024-09-22,10.0,8.1,False,0.0,
409,RDC_IBE,IXD_MAD,2024-09-25,10.0,7.9,False,0.0,
410,RDC_IBE,IXD_MAD,2024-09-28,10.0,8.4,False,0.0,
411,RDC_IBE,IXD_MAD,2024-10-01,10.0,10.6,True,0.6,port_congestion
412,RDC_IBE,IXD_MAD,2024-10-04,10.0,9.5,False,0.0,
413,RDC_IBE,IXD_MAD,2024-10-07,10.0,8.3,False,0.0,
414,RDC_IBE,IXD_MAD,2024-10-10,10.0,10.5,True,0.5,weather
415,RDC_IBE,IXD_MAD,2024-10-13,10.0,9.2,False,0.0,
416,RDC_IBE,IXD_MAD,2024-10-16,10.0,11.6,True,1.6,customs_hold
417,RDC_IBE,IXD_MAD,2024-10-19,10.0,10.9,True,0.9,port_congestion
418,RDC_IBE,IXD_MAD,2024-10-22,10.0,9.7,False,0.0,
419,RDC_IBE,IXD_MAD,2024-10-25,10.0,9.6,False,0.0,
420,RDC_IBE,IXD_MAD,2024-10-28,10.0,10.3,True,0.3,carrier_capacity
421,RDC_IBE,IXD_MAD,2024-10-31,10.0,11.4,True,1.4,driver_shortage
422,RDC_IBE,IXD_MAD,2024-11-03,10.0,9.6,False,0.0,
423,RDC_IBE,IXD_MAD,2024-11-06,10.0,9.4,False,0.0,
424,RDC_IBE,IXD_MAD,2024-11-09,10.0,9.2,False,0.0,
425,RDC_IBE,IXD_MAD,2024-11-12,10.0,9.7,False,0.0,
426,RDC_IBE,IXD_MAD,2024-11-15,10.0,7.2,False,0.0,
427,RDC_IBE,IXD_MAD,2024-11-18,10.0,8.3,False,0.0,
428,RDC_IBE,IXD_MAD,2024-11-21,10.0,7.5,False,0.0,
429,RDC_IBE,IXD_MAD,2024-11-24,10.0,11.6,True,1.6,driver_shortage
430,RDC_IBE,IXD_MAD,2024-11-27,10.0,7.8,False,0.0,
431,RDC_IBE,IXD_MAD,2024-11-30,10.0,6.3,False,0.0,
432,RDC_IBE,IXD_MAD,2024-12-03,10.0,7.7,False,0.0,
433,RDC_IBE,IXD_MAD,2024-12-06,10.0,9.8,False,0.0,
434,RDC_IBE,IXD_MAD,2024-12-09,10.0,12.1,True,2.1,carrier_capacity
435,RDC_IBE,IXD_MAD,2024-12-12,10.0,11.2,True,1.2,weather
436,RDC_IBE,IXD_MAD,2024-12-15,10.0,10.4,True,0.4,weather
437,RDC_IBE,IXD_MAD,2024-12-18,10.0,11.1,True,1.1,weather
438,RDC_IBE,IXD_MAD,2024-12-21,10.0,8.1,False,0.0,
439,RDC_IBE,IXD_MAD,2024-12-24,10.0,7.3,False,0.0,
440,RDC_IBE,IXD_MAD,2024-12-27,10.0,11.6,True,1.6,carrier_capacity
441,IXD_MAD,FC_MAD1,2024-09-01,5.0,5.3,True,0.3,driver_shortage
442,IXD_MAD,FC_MAD1,2024-09-04,5.0,3.6,False,0.0,
443,IXD_MAD,FC_MAD1,2024-09-07,5.0,4.1,False,0.0,
444,IXD_MAD,FC_MAD1,2024-09-10,5.0,4.6,False,0.0,
445,IXD_MAD,FC_MAD1,2024-09-13,5.0,3.9,False,0.0,
446,IXD_MAD,FC_MAD1,2024-09-16,5.0,3.2,False,0.0,
447,IXD_MAD,FC_MAD1,2024-09-19,5.0,4.9,False,0.0,
448,IXD_MAD,FC_MAD1,2024-09-22,5.0,4.9,False,0.0,
449,IXD_MAD,FC_MAD1,2024-09-25,5.0,5.5,True,0.5,carrier_capacity
450,IXD_MAD,FC_MAD1,2024-09-28,5.0,3.9,False,0.0,
451,IXD_MAD,FC_MAD1,2024-10-01,5.0,4.4,False,0.0,
452,IXD_MAD,FC_MAD1,2024-10-04,5.0,4.3,False,0.0,
453,IXD_MAD,FC_MAD1,2024-10-07,5.0,5.4,True,0.4,weather
454,IXD_MAD,FC_MAD1,2024-10-10,5.0,5.0,False,0.0,
455,IXD_MAD,FC_MAD1,2024-10-13,5.0,4.8,False,0.0,
456,IXD_MAD,FC_MAD1,2024-10-16,5.0,6.4,True,1.4,port_congestion
457,IXD_MAD,FC_MAD1,2024-10-19,5.0,4.7,False,0.0,
458,IXD_MAD,FC_MAD1,2024-10-22,5.0,4.9,False,0.0,
459,IXD_MAD,FC_MAD1,2024-10-25,5.0,5.1,True,0.1,driver_shortage
460,IXD_MAD,FC_MAD1,2024-10-28,5.0,5.8,True,0.8,weather
461,IXD_MAD,FC_MAD1,2024-10-31,5.0,4.5,False,0.0,
462,IXD_MAD,FC_MAD1,2024-11-03,5.0,5.1,True,0.1,carrier_capacity
463,IXD_MAD,FC_MAD1,2024-11-06,5.0,6.4,True,1.4,carrier_capacity
464,IXD_MAD,FC_MAD1,2024-11-09,5.0,5.5,True,0.5,driver_shortage
465,IXD_MAD,FC_MAD1,2024-11-12,5.0,4.0,False,0.0,
466,IXD_MAD,FC_MAD1,2024-11-15,5.0,5.3,True,0.3,carrier_capacity
467,IXD_MAD,FC_MAD1,2024-11-18,5.0,6.1,True,1.1,customs_hold
468,IXD_MAD,FC_MAD1,2024-11-21,5.0,5.4,True,0.4,carrier_capacity
469,IXD_MAD,FC_MAD1,2024-11-24,5.0,4.4,False,0.0,
470,IXD_MAD,FC_MAD1,2024-11-27,5.0,4.4,False,0.0,
471,IXD_MAD,FC_MAD1,2024-11-30,5.0,4.3,False,0.0,
472,IXD_MAD,FC_MAD1,2024-12-03,5.0,4.9,False,0.0,
473,IXD_MAD,FC_MAD1,2024-12-06,5.0,4.4,False,0.0,
474,IXD_MAD,FC_MAD1,2024-12-09,5.0,5.2,True,0.2,weather
475,IXD_MAD,FC_MAD1,2024-12-12,5.0,4.9,False,0.0,
476,IXD_MAD,FC_MAD1,2024-12-15,5.0,3.9,False,0.0,
477,IXD_MAD,FC_MAD1,2024-12-18,5.0,5.5,True,0.5,driver_shortage
478,IXD_MAD,FC_MAD1,2024-12-21,5.0,4.0,False,0.0,
479,IXD_MAD,FC_MAD1,2024-12-24,5.0,6.4,True,1.4,driver_shortage
480,IXD_MAD,FC_MAD1,2024-12-27,5.0,4.5,False,0.0,
481,1DC_MAD,IXD_MAD,2024-09-01,10.0,7.3,False,0.0,
482,1DC_MAD,IXD_MAD,2024-09-04,10.0,10.9,True,0.9,carrier_capacity
483,1DC_MAD,IXD_MAD,2024-09-07,10.0,9.9,False,0.0,
484,1DC_MAD,IXD_MAD,2024-09-10,10.0,8.7,False,0.0,
485,1DC_MAD,IXD_MAD,2024-09-13,10.0,10.7,True,0.7,driver_shortage
486,1DC_MAD,IXD_MAD,2024-09-16,10.0,9.1,False,0.0,
487,1DC_MAD,IXD_MAD,2024-09-19,10.0,9.4,False,0.0,
488,1DC_MAD,IXD_MAD,2024-09-22,10.0,8.2,False,0.0,
489,1DC_MAD,IXD_MAD,2024-09-25,10.0,9.9,False,0.0,
490,1DC_MAD,IXD_MAD,2024-09-28,10.0,8.2,False,0.0,
491,1DC_MAD,IXD_MAD,2024-10-01,10.0,11.0,True,1.0,driver_shortage
492,1DC_MAD,IXD_MAD,2024-10-04,10.0,11.1,True,1.1,carrier_capacity
493,1DC_MAD,IXD_MAD,2024-10-07,10.0,11.3,True,1.3,weather
494,1DC_MAD,IXD_MAD,2024-10-10,10.0,10.2,True,0.2,customs_hold
495,1DC_MAD,IXD_MAD,2024-10-13,10.0,10.1,True,0.1,customs_hold
496,1DC_MAD,IXD_MAD,2024-10-16,10.0,11.1,True,1.1,port_congestion
497,1DC_MAD,IXD_MAD,2024-10-19,10.0,11.5,True,1.5,customs_hold
498,1DC_MAD,IXD_MAD,2024-10-22,10.0,7.5,False,0.0,
499,1DC_MAD,IXD_MAD,2024-10-25,10.0,11.2,True,1.2,weather
500,1DC_MAD,IXD_MAD,2024-10-28,10.0,9.6,False,0.0,
501,1DC_MAD,IXD_MAD,2024-10-31,10.0,11.9,True,1.9,carrier_capacity
502,1DC_MAD,IXD_MAD,2024-11-03,10.0,10.4,True,0.4,customs_hold
503,1DC_MAD,IXD_MAD,2024-11-06,10.0,10.7,True,0.7,carrier_capacity
504,1DC_MAD,IXD_MAD,2024-11-09,10.0,11.1,True,1.1,customs_hold
505,1DC_MAD,IXD_MAD,2024-11-12,10.0,8.4,False,0.0,
506,1DC_MAD,IXD_MAD,2024-11-15,10.0,10.0,False,0.0,
507,1DC_MAD,IXD_MAD,2024-11-18,10.0,9.3,False,0.0,
508,1DC_MAD,IXD_MAD,2024-11-21,10.0,10.0,False,0.0,
509,1DC_MAD,IXD_MAD,2024-11-24,10.0,5.8,False,0.0,
510,1DC_MAD,IXD_MAD,2024-11-27,10.0,8.3,False,0.0,
511,1DC_MAD,IXD_MAD,2024-11-30,10.0,12.3,True,2.3,carrier_capacity
512,1DC_MAD,IXD_MAD,2024-12-03,10.0,10.6,True,0.6,driver_shortage
513,1DC_MAD,IXD_MAD,2024-12-06,10.0,9.4,False,0.0,
514,1DC_MAD,IXD_MAD,2024-12-09,10.0,10.6,True,0.6,customs_hold
515,1DC_MAD,IXD_MAD,2024-12-12,10.0,9.5,False,0.0,
516,1DC_MAD,IXD_MAD,2024-12-15,10.0,12.5,True,2.5,customs_hold
517,1DC_MAD,IXD_MAD,2024-12-18,10.0,8.9,False,0.0,
518,1DC_MAD,IXD_MAD,2024-12-21,10.0,7.5,False,0.0,
519,1DC_MAD,IXD_MAD,2024-12-24,10.0,10.8,True,0.8,driver_shortage
520,1DC_MAD,IXD_MAD,2024-12-27,10.0,7.6,False,0.0,
521,IXD_MAD,FC_MAD2,2024-09-01,5.0,4.4,False,0.0,
522,IXD_MAD,FC_MAD2,2024-09-04,5.0,6.7,True,1.7,customs_hold
523,IXD_MAD,FC_MAD2,2024-09-07,5.0,4.5,False,0.0,
524,IXD_MAD,FC_MAD2,2024-09-10,5.0,3.7,False,0.0,
525,IXD_MAD,FC_MAD2,2024-09-13,5.0,5.0,False,0.0,
526,IXD_MAD,FC_MAD2,2024-09-16,5.0,4.2,False,0.0,
527,IXD_MAD,FC_MAD2,2024-09-19,5.0,4.9,False,0.0,
528,IXD_MAD,FC_MAD2,2024-09-22,5.0,4.9,False,0.0,
529,IXD_MAD,FC_MAD2,2024-09-25,5.0,3.9,False,0.0,
530,IXD_MAD,FC_MAD2,2024-09-28,5.0,5.8,True,0.8,weather
531,IXD_MAD,FC_MAD2,2024-10-01,5.0,5.7,True,0.7,carrier_capacity
532,IXD_MAD,FC_MAD2,2024-10-04,5.0,6.7,True,1.7,weather
533,IXD_MAD,FC_MAD2,2024-10-07,5.0,5.1,True,0.1,carrier_capacity
534,IXD_MAD,FC_MAD2,2024-10-10,5.0,6.2,True,1.2,customs_hold
535,IXD_MAD,FC_MAD2,2024-10-13,5.0,4.9,False,0.0,
536,IXD_MAD,FC_MAD2,2024-10-16,5.0,4.4,False,0.0,
537,IXD_MAD,FC_MAD2,2024-10-19,5.0,4.5,False,0.0,
538,IXD_MAD,FC_MAD2,2024-10-22,5.0,4.9,False,0.0,
539,IXD_MAD,FC_MAD2,2024-10-25,5.0,3.7,False,0.0,
540,IXD_MAD,FC_MAD2,2024-10-28,5.0,4.1,False,0.0,
541,IXD_MAD,FC_MAD2,2024-10-31,5.0,6.0,True,1.0,driver_shortage
542,IXD_MAD,FC_MAD2,2024-11-03,5.0,3.5,False,0.0,
543,IXD_MAD,FC_MAD2,2024-11-06,5.0,3.9,False,0.0,
544,IXD_MAD,FC_MAD2,2024-11-09,5.0,5.4,True,0.4,port_congestion
545,IXD_MAD,FC_MAD2,2024-11-12,5.0,4.8,False,0.0,
546,IXD_MAD,FC_MAD2,2024-11-15,5.0,5.4,True,0.4,port_congestion
547,IXD_MAD,FC_MAD2,2024-11-18,5.0,4.3,False,0.0,
548,IXD_MAD,FC_MAD2,2024-11-21,5.0,5.5,True,0.5,carrier_capacity
549,IXD_MAD,FC_MAD2,2024-11-24,5.0,4.8,False,0.0,
550,IXD_MAD,FC_MAD2,2024-11-27,5.0,5.7,True,0.7,port_congestion
551,IXD_MAD,FC_MAD2,2024-11-30,5.0,4.9,False,0.0,
552,IXD_MAD,FC_MAD2,2024-12-03,5.0,4.9,False,0.0,
553,IXD_MAD,FC_MAD2,2024-12-06,5.0,4.9,False,0.0,
554,IXD_MAD,FC_MAD2,2024-12-09,5.0,5.9,True,0.9,port_congestion
555,IXD_MAD,FC_MAD2,2024-12-12,5.0,4.2,False,0.0,
556,IXD_MAD,FC_MAD2,2024-12-15,5.0,5.6,True,0.6,driver_shortage
557,IXD_MAD,FC_MAD2,2024-12-18,5.0,4.9,False,0.0,
558,IXD_MAD,FC_MAD2,2024-12-21,5.0,4.0,False,0.0,
559,IXD_MAD,FC_MAD2,2024-12-24,5.0,5.0,False,0.0,
560,IXD_MAD,FC_MAD2,2024-12-27,5.0,3.7,False,0.0,
561,RDC_IBE,IXD_MAD,2024-09-01,10.0,8.1,False,0.0,
562,RDC_IBE,IXD_MAD,2024-09-04,10.0,12.8,True,2.8,carrier_capacity
563,RDC_IBE,IXD_MAD,2024-09-07,10.0,12.0,True,2.0,customs_hold
564,RDC_IBE,IXD_MAD,2024-09-10,10.0,13.1,True,3.1,weather
565,RDC_IBE,IXD_MAD,2024-09-13,10.0,9.5,False,0.0,
566,RDC_IBE,IXD_MAD,2024-09-16,10.0,9.6,False,0.0,
567,RDC_IBE,IXD_MAD,2024-09-19,10.0,8.8,False,0.0,
568,RDC_IBE,IXD_MAD,2024-09-22,10.0,12.4,True,2.4,weather
569,RDC_IBE,IXD_MAD,2024-09-25,10.0,7.8,False,0.0,
570,RDC_IBE,IXD_MAD,2024-09-28,10.0,11.2,True,1.2,weather
571,RDC_IBE,IXD_MAD,2024-10-01,10.0,12.1,True,2.1,weather
572,RDC_IBE,IXD_MAD,2024-10-04,10.0,8.2,False,0.0,
573,RDC_IBE,IXD_MAD,2024-10-07,10.0,11.1,True,1.1,customs_hold
574,RDC_IBE,IXD_MAD,2024-10-10,10.0,6.7,False,0.0,
575,RDC_IBE,IXD_MAD,2024-10-13,10.0,9.9,False,0.0,
576,RDC_IBE,IXD_MAD,2024-10-16,10.0,8.1,False,0.0,
577,RDC_IBE,IXD_MAD,2024-10-19,10.0,6.9,False,0.0,
578,RDC_IBE,IXD_MAD,2024-10-22,10.0,7.8,False,0.0,
579,RDC_IBE,IXD_MAD,2024-10-25,10.0,6.3,False,0.0,
580,RDC_IBE,IXD_MAD,2024-10-28,10.0,11.0,True,1.0,carrier_capacity
581,RDC_IBE,IXD_MAD,2024-10-31,10.0,9.8,False,0.0,
582,RDC_IBE,IXD_MAD,2024-11-03,10.0,9.5,False,0.0,
583,RDC_IBE,IXD_MAD,2024-11-06,10.0,9.4,False,0.0,
584,RDC_IBE,IXD_MAD,2024-11-09,10.0,10.3,True,0.3,customs_hold
585,RDC_IBE,IXD_MAD,2024-11-12,10.0,9.9,False,0.0,
586,RDC_IBE,IXD_MAD,2024-11-15,10.0,11.2,True,1.2,driver_shortage
587,RDC_IBE,IXD_MAD,2024-11-18,10.0,8.5,False,0.0,
588,RDC_IBE,IXD_MAD,2024-11-21,10.0,11.3,True,1.3,carrier_capacity
589,RDC_IBE,IXD_MAD,2024-11-24,10.0,12.0,True,2.0,port_congestion
590,RDC_IBE,IXD_MAD,2024-11-27,10.0,11.0,True,1.0,customs_hold
591,RDC_IBE,IXD_MAD,2024-11-30,10.0,8.3,False,0.0,
592,RDC_IBE,IXD_MAD,2024-12-03,10.0,10.0,False,0.0,
593,RDC_IBE,IXD_MAD,2024-12-06,10.0,10.5,True,0.5,carrier_capacity
594,RDC_IBE,IXD_MAD,2024-12-09,10.0,8.1,False,0.0,
595,RDC_IBE,IXD_MAD,2024-12-12,10.0,7.8,False,0.0,
596,RDC_IBE,IXD_MAD,2024-12-15,10.0,11.7,True,1.7,port_congestion
597,RDC_IBE,IXD_MAD,2024-12-18,10.0,9.4,False,0.0,
598,RDC_IBE,IXD_MAD,2024-12-21,10.0,6.3,False,0.0,
599,RDC_IBE,IXD_MAD,2024-12-24,10.0,11.5,True,1.5,driver_shortage
600,RDC_IBE,IXD_MAD,2024-12-27,10.0,13.2,True,3.2,customs_hold
601,IXD_MAD,FC_MAD2,2024-09-01,5.0,5.2,True,0.2,port_congestion
602,IXD_MAD,FC_MAD2,2024-09-04,5.0,4.4,False,0.0,
603,IXD_MAD,FC_MAD2,2024-09-07,5.0,4.5,False,0.0,
604,IXD_MAD,FC_MAD2,2024-09-10,5.0,5.8,True,0.8,carrier_capacity
605,IXD_MAD,FC_MAD2,2024-09-13,5.0,4.6,False,0.0,
606,IXD_MAD,FC_MAD2,2024-09-16,5.0,4.4,False,0.0,
607,IXD_MAD,FC_MAD2,2024-09-19,5.0,5.0,False,0.0,
608,IXD_MAD,FC_MAD2,2024-09-22,5.0,4.8,False,0.0,
609,IXD_MAD,FC_MAD2,2024-09-25,5.0,4.6,False,0.0,
610,IXD_MAD,FC_MAD2,2024-09-28,5.0,3.7,False,0.0,
611,IXD_MAD,FC_MAD2,2024-10-01,5.0,6.5,True,1.5,port_congestion
612,IXD_MAD,FC_MAD2,2024-10-04,5.0,4.7,False,0.0,
613,IXD_MAD,FC_MAD2,2024-10-07,5.0,3.4,False,0.0,
614,IXD_MAD,FC_MAD2,2024-10-10,5.0,4.3,False,0.0,
615,IXD_MAD,FC_MAD2,2024-10-13,5.0,3.6,False,0.0,
616,IXD_MAD,FC_MAD2,2024-10-16,5.0,5.6,True,0.6,driver_shortage
617,IXD_MAD,FC_MAD2,2024-10-19,5.0,5.7,True,0.7,port_congestion
618,IXD_MAD,FC_MAD2,2024-10-22,5.0,4.4,False,0.0,
619,IXD_MAD,FC_MAD2,2024-10-25,5.0,3.9,False,0.0,
620,IXD_MAD,FC_MAD2,2024-10-28,5.0,5.8,True,0.8,driver_shortage
621,IXD_MAD,FC_MAD2,2024-10-31,5.0,4.0,False,0.0,
622,IXD_MAD,FC_MAD2,2024-11-03,5.0,4.6,False,0.0,
623,IXD_MAD,FC_MAD2,2024-11-06,5.0,5.4,True,0.4,weather
624,IXD_MAD,FC_MAD2,2024-11-09,5.0,5.6,True,0.6,port_congestion
625,IXD_MAD,FC_MAD2,2024-11-12,5.0,4.6,False,0.0,
626,IXD_MAD,FC_MAD2,2024-11-15,5.0,6.8,True,1.8,driver_shortage
627,IXD_MAD,FC_MAD2,2024-11-18,5.0,4.0,False,0.0,
628,IXD_MAD,FC_MAD2,2024-11-21,5.0,5.2,True,0.2,port_congestion
629,IXD_MAD,FC_MAD2,2024-11-24,5.0,3.5,False,0.0,
630,IXD_MAD,FC_MAD2,2024-11-27,5.0,5.0,False,0.0,
631,IXD_MAD,FC_MAD2,2024-11-30,5.0,6.4,True,1.4,port_congestion
632,IXD_MAD,FC_MAD2,2024-12-03,5.0,5.1,True,0.1,port_congestion
633,IXD_MAD,FC_MAD2,2024-12-06,5.0,5.5,True,0.5,driver_shortage
634,IXD_MAD,FC_MAD2,2024-12-09,5.0,5.3,True,0.3,weather
635,IXD_MAD,FC_MAD2,2024-12-12,5.0,4.6,False,0.0,
636,IXD_MAD,FC_MAD2,2024-12-15,5.0,4.5,False,0.0,
637,IXD_MAD,FC_MAD2,2024-12-18,5.0,4.6,False,0.0,
638,IXD_MAD,FC_MAD2,2024-12-21,5.0,4.7,False,0.0,
639,IXD_MAD,FC_MAD2,2024-12-24,5.0,5.3,True,0.3,port_congestion
640,IXD_MAD,FC_MAD2,2024-12-27,5.0,5.4,True,0.4,carrier_capacity
641,1DC_CDG,IXD_PAR,2024-09-01,10.0,9.9,False,0.0,
642,1DC_CDG,IXD_PAR,2024-09-04,10.0,10.4,True,0.4,weather
643,1DC_CDG,IXD_PAR,2024-09-07,10.0,11.9,True,1.9,port_congestion
644,1DC_CDG,IXD_PAR,2024-09-10,10.0,8.2,False,0.0,
645,1DC_CDG,IXD_PAR,2024-09-13,10.0,9.5,False,0.0,
646,1DC_CDG,IXD_PAR,2024-09-16,10.0,11.2,True,1.2,port_congestion
647,1DC_CDG,IXD_PAR,2024-09-19,10.0,10.8,True,0.8,weather
648,1DC_CDG,IXD_PAR,2024-09-22,10.0,10.5,True,0.5,driver_shortage
649,1DC_CDG,IXD_PAR,2024-09-25,10.0,11.0,True,1.0,customs_hold
650,1DC_CDG,IXD_PAR,2024-09-28,10.0,11.7,True,1.7,carrier_capacity
651,1DC_CDG,IXD_PAR,2024-10-01,10.0,12.8,True,2.8,driver_shortage
652,1DC_CDG,IXD_PAR,2024-10-04,10.0,10.8,True,0.8,driver_shortage
653,1DC_CDG,IXD_PAR,2024-10-07,10.0,10.2,True,0.2,driver_shortage
654,1DC_CDG,IXD_PAR,2024-10-10,10.0,10.1,True,0.1,customs_hold
655,1DC_CDG,IXD_PAR,2024-10-13,10.0,12.3,True,2.3,weather
656,1DC_CDG,IXD_PAR,2024-10-16,10.0,6.2,False,0.0,
657,1DC_CDG,IXD_PAR,2024-10-19,10.0,9.4,False,0.0,
658,1DC_CDG,IXD_PAR,2024-10-22,10.0,11.5,True,1.5,port_congestion
659,1DC_CDG,IXD_PAR,2024-10-25,10.0,8.7,False,0.0,
660,1DC_CDG,IXD_PAR,2024-10-28,10.0,11.7,True,1.7,port_congestion
661,1DC_CDG,IXD_PAR,2024-10-31,10.0,13.9,True,3.9,carrier_capacity
662,1DC_CDG,IXD_PAR,2024-11-03,10.0,7.5,False,0.0,
663,1DC_CDG,IXD_PAR,2024-11-06,10.0,11.2,True,1.2,customs_hold
664,1DC_CDG,IXD_PAR,2024-11-09,10.0,9.5,False,0.0,
665,1DC_CDG,IXD_PAR,2024-11-12,10.0,10.5,True,0.5,customs_hold
666,1DC_CDG,IXD_PAR,2024-11-15,10.0,12.4,True,2.4,driver_shortage
667,1DC_CDG,IXD_PAR,2024-11-18,10.0,6.8,False,0.0,
668,1DC_CDG,IXD_PAR,2024-11-21,10.0,10.5,True,0.5,weather
669,1DC_CDG,IXD_PAR,2024-11-24,10.0,9.0,False,0.0,
670,1DC_CDG,IXD_PAR,2024-11-27,10.0,7.3,False,0.0,
671,1DC_CDG,IXD_PAR,2024-11-30,10.0,9.5,False,0.0,
672,1DC_CDG,IXD_PAR,2024-12-03,10.0,9.8,False,0.0,
673,1DC_CDG,IXD_PAR,2024-12-06,10.0,7.9,False,0.0,
674,1DC_CDG,IXD_PAR,2024-12-09,10.0,12.0,True,2.0,driver_shortage
675,1DC_CDG,IXD_PAR,2024-12-12,10.0,8.1,False,0.0,
676,1DC_CDG,IXD_PAR,2024-12-15,10.0,9.2,False,0.0,
677,1DC_CDG,IXD_PAR,2024-12-18,10.0,8.5,False,0.0,
678,1DC_CDG,IXD_PAR,2024-12-21,10.0,8.6,False,0.0,
679,1DC_CDG,IXD_PAR,2024-12-24,10.0,7.4,False,0.0,
680,1DC_CDG,IXD_PAR,2024-12-27,10.0,10.9,True,0.9,port_congestion
681,IXD_PAR,FC_PAR1,2024-09-01,5.0,5.6,True,0.6,weather
682,IXD_PAR,FC_PAR1,2024-09-04,5.0,4.8,False,0.0,
683,IXD_PAR,FC_PAR1,2024-09-07,5.0,4.9,False,0.0,
684,IXD_PAR,FC_PAR1,2024-09-10,5.0,5.0,False,0.0,
685,IXD_PAR,FC_PAR1,2024-09-13,5.0,3.1,False,0.0,
686,IXD_PAR,FC_PAR1,2024-09-16,5.0,6.7,True,1.7,carrier_capacity
687,IXD_PAR,FC_PAR1,2024-09-19,5.0,4.3,False,0.0,
688,IXD_PAR,FC_PAR1,2024-09-22,5.0,3.6,False,0.0,
689,IXD_PAR,FC_PAR1,2024-09-25,5.0,4.7,False,0.0,
690,IXD_PAR,FC_PAR1,2024-09-28,5.0,4.4,False,0.0,
691,IXD_PAR,FC_PAR1,2024-10-01,5.0,5.8,True,0.8,driver_shortage
692,IXD_PAR,FC_PAR1,2024-10-04,5.0,3.2,False,0.0,
693,IXD_PAR,FC_PAR1,2024-10-07,5.0,5.5,True,0.5,customs_hold
694,IXD_PAR,FC_PAR1,2024-10-10,5.0,6.2,True,1.2,driver_shortage
695,IXD_PAR,FC_PAR1,2024-10-13,5.0,6.4,True,1.4,port_congestion
696,IXD_PAR,FC_PAR1,2024-10-16,5.0,5.4,True,0.4,weather
697,IXD_PAR,FC_PAR1,2024-10-19,5.0,4.1,False,0.0,
698,IXD_PAR,FC_PAR1,2024-10-22,5.0,6.4,True,1.4,weather
699,IXD_PAR,FC_PAR1,2024-10-25,5.0,6.1,True,1.1,driver_shortage
700,IXD_PAR,FC_PAR1,2024-10-28,5.0,4.5,False,0.0,
701,IXD_PAR,FC_PAR1,2024-10-31,5.0,5.9,True,0.9,weather
702,IXD_PAR,FC_PAR1,2024-11-03,5.0,6.1,True,1.1,driver_shortage
703,IXD_PAR,FC_PAR1,2024-11-06,5.0,4.3,False,0.0,
704,IXD_PAR,FC_PAR1,2024-11-09,5.0,5.3,True,0.3,driver_shortage
705,IXD_PAR,FC_PAR1,2024-11-12,5.0,4.2,False,0.0,
706,IXD_PAR,FC_PAR1,2024-11-15,5.0,4.0,False,0.0,
707,IXD_PAR,FC_PAR1,2024-11-18,5.0,4.8,False,0.0,
708,IXD_PAR,FC_PAR1,2024-11-21,5.0,3.6,False,0.0,
709,IXD_PAR,FC_PAR1,2024-11-24,5.0,6.5,True,1.5,driver_shortage
710,IXD_PAR,FC_PAR1,2024-11-27,5.0,5.3,True,0.3,carrier_capacity
711,IXD_PAR,FC_PAR1,2024-11-30,5.0,5.0,False,0.0,
712,IXD_PAR,FC_PAR1,2024-12-03,5.0,5.7,True,0.7,carrier_capacity
713,IXD_PAR,FC_PAR1,2024-12-06,5.0,4.9,False,0.0,
714,IXD_PAR,FC_PAR1,2024-12-09,5.0,6.4,True,1.4,carrier_capacity
715,IXD_PAR,FC_PAR1,2024-12-12,5.0,5.3,True,0.3,driver_shortage
716,IXD_PAR,FC_PAR1,2024-12-15,5.0,4.3,False,0.0,
717,IXD_PAR,FC_PAR1,2024-12-18,5.0,5.5,True,0.5,customs_hold
718,IXD_PAR,FC_PAR1,2024-12-21,5.0,3.2,False,0.0,
719,IXD_PAR,FC_PAR1,2024-12-24,5.0,4.4,False,0.0,
720,IXD_PAR,FC_PAR1,2024-12-27,5.0,4.6,False,0.0,
721,RDC_LYS,IXD_PAR,2024-09-01,10.0,9.8,False,0.0,
722,RDC_LYS,IXD_PAR,2024-09-04,10.0,11.0,True,1.0,port_congestion
723,RDC_LYS,IXD_PAR,2024-09-07,10.0,8.2,False,0.0,
724,RDC_LYS,IXD_PAR,2024-09-10,10.0,9.3,False,0.0,
725,RDC_LYS,IXD_PAR,2024-09-13,10.0,10.6,True,0.6,driver_shortage
726,RDC_LYS,IXD_PAR,2024-09-16,10.0,9.1,False,0.0,
727,RDC_LYS,IXD_PAR,2024-09-19,10.0,13.0,True,3.0,port_congestion
728,RDC_LYS,IXD_PAR,2024-09-22,10.0,8.1,False,0.0,
729,RDC_LYS,IXD_PAR,2024-09-25,10.0,10.8,True,0.8,port_congestion
730,RDC_LYS,IXD_PAR,2024-09-28,10.0,11.4,True,1.4,weather
731,RDC_LYS,IXD_PAR,2024-10-01,10.0,6.1,False,0.0,
732,RDC_LYS,IXD_PAR,2024-10-04,10.0,10.2,True,0.2,port_congestion
733,RDC_LYS,IXD_PAR,2024-10-07,10.0,11.7,True,1.7,carrier_capacity
734,RDC_LYS,IXD_PAR,2024-10-10,10.0,10.2,True,0.2,weather
735,RDC_LYS,IXD_PAR,2024-10-13,10.0,11.4,True,1.4,customs_hold
736,RDC_LYS,IXD_PAR,2024-10-16,10.0,9.6,False,0.0,
737,RDC_LYS,IXD_PAR,2024-10-19,10.0,11.8,True,1.8,carrier_capacity
738,RDC_LYS,IXD_PAR,2024-10-22,10.0,7.2,False,0.0,
739,RDC_LYS,IXD_PAR,2024-10-25,10.0,11.1,True,1.1,weather
740,RDC_LYS,IXD_PAR,2024-10-28,10.0,10.2,True,0.2,customs_hold
741,RDC_LYS,IXD_PAR,2024-10-31,10.0,11.0,True,1.0,carrier_capacity
742,RDC_LYS,IXD_PAR,2024-11-03,10.0,6.6,False,0.0,
743,RDC_LYS,IXD_PAR,2024-11-06,10.0,11.2,True,1.2,carrier_capacity
744,RDC_LYS,IXD_PAR,2024-11-09,10.0,8.6,False,0.0,
745,RDC_LYS,IXD_PAR,2024-11-12,10.0,10.8,True,0.8,port_congestion
746,RDC_LYS,IXD_PAR,2024-11-15,10.0,8.2,False,0.0,
747,RDC_LYS,IXD_PAR,2024-11-18,10.0,11.7,True,1.7,carrier_capacity
748,RDC_LYS,IXD_PAR,2024-11-21,10.0,10.3,True,0.3,weather
749,RDC_LYS,IXD_PAR,2024-11-24,10.0,13.2,True,3.2,carrier_capacity
750,RDC_LYS,IXD_PAR,2024-11-27,10.0,9.9,False,0.0,
751,RDC_LYS,IXD_PAR,2024-11-30,10.0,8.4,False,0.0,
752,RDC_LYS,IXD_PAR,2024-12-03,10.0,8.6,False,0.0,
753,RDC_LYS,IXD_PAR,2024-12-06,10.0,10.6,True,0.6,carrier_capacity
754,RDC_LYS,IXD_PAR,2024-12-09,10.0,8.3,False,0.0,
755,RDC_LYS,IXD_PAR,2024-12-12,10.0,12.5,True,2.5,driver_shortage
756,RDC_LYS,IXD_PAR,2024-12-15,10.0,10.7,True,0.7,weather
757,RDC_LYS,IXD_PAR,2024-12-18,10.0,9.1,False,0.0,
758,RDC_LYS,IXD_PAR,2024-12-21,10.0,11.0,True,1.0,weather
759,RDC_LYS,IXD_PAR,2024-12-24,10.0,7.7,False,0.0,
760,RDC_LYS,IXD_PAR,2024-12-27,10.0,8.6,False,0.0,
761,IXD_PAR,FC_PAR1,2024-09-01,5.0,3.7,False,0.0,
762,IXD_PAR,FC_PAR1,2024-09-04,5.0,5.1,True,0.1,weather
763,IXD_PAR,FC_PAR1,2024-09-07,5.0,5.7,True,0.7,customs_hold
764,IXD_PAR,FC_PAR1,2024-09-10,5.0,5.1,True,0.1,weather
765,IXD_PAR,FC_PAR1,2024-09-13,5.0,5.3,True,0.3,port_congestion
766,IXD_PAR,FC_PAR1,2024-09-16,5.0,5.0,False,0.0,
767,IXD_PAR,FC_PAR1,2024-09-19,5.0,4.2,False,0.0,
768,IXD_PAR,FC_PAR1,2024-09-22,5.0,4.9,False,0.0,
769,IXD_PAR,FC_PAR1,2024-09-25,5.0,3.8,False,0.0,
770,IXD_PAR,FC_PAR1,2024-09-28,5.0,4.1,False,0.0,
771,IXD_PAR,FC_PAR1,2024-10-01,5.0,4.1,False,0.0,
772,IXD_PAR,FC_PAR1,2024-10-04,5.0,4.0,False,0.0,
773,IXD_PAR,FC_PAR1,2024-10-07,5.0,4.1,False,0.0,
774,IXD_PAR,FC_PAR1,2024-10-10,5.0,4.5,False,0.0,
775,IXD_PAR,FC_PAR1,2024-10-13,5.0,5.9,True,0.9,driver_shortage
776,IXD_PAR,FC_PAR1,2024-10-16,5.0,4.4,False,0.0,
777,IXD_PAR,FC_PAR1,2024-10-19,5.0,4.4,False,0.0,
778,IXD_PAR,FC_PAR1,2024-10-22,5.0,3.2,False,0.0,
779,IXD_PAR,FC_PAR1,2024-10-25,5.0,5.2,True,0.2,driver_shortage
780,IXD_PAR,FC_PAR1,2024-10-28,5.0,5.6,True,0.6,customs_hold
781,IXD_PAR,FC_PAR1,2024-10-31,5.0,2.1,False,0.0,
782,IXD_PAR,FC_PAR1,2024-11-03,5.0,6.0,True,1.0,customs_hold
783,IXD_PAR,FC_PAR1,2024-11-06,5.0,4.2,False,0.0,
784,IXD_PAR,FC_PAR1,2024-11-09,5.0,6.1,True,1.1,customs_hold
785,IXD_PAR,FC_PAR1,2024-11-12,5.0,5.2,True,0.2,port_congestion
786,IXD_PAR,FC_PAR1,2024-11-15,5.0,3.0,False,0.0,
787,IXD_PAR,FC_PAR1,2024-11-18,5.0,6.2,True,1.2,port_congestion
788,IXD_PAR,FC_PAR1,2024-11-21,5.0,4.9,False,0.0,
789,IXD_PAR,FC_PAR1,2024-11-24,5.0,3.5,False,0.0,
790,IXD_PAR,FC_PAR1,2024-11-27,5.0,5.2,True,0.2,weather
791,IXD_PAR,FC_PAR1,2024-11-30,5.0,4.7,False,0.0,
792,IXD_PAR,FC_PAR1,2024-12-03,5.0,3.8,False,0.0,
793,IXD_PAR,FC_PAR1,2024-12-06,5.0,4.6,False,0.0,
794,IXD_PAR,FC_PAR1,2024-12-09,5.0,4.9,False,0.0,
795,IXD_PAR,FC_PAR1,2024-12-12,5.0,5.3,True,0.3,weather
796,IXD_PAR,FC_PAR1,2024-12-15,5.0,7.0,True,2.0,carrier_capacity
797,IXD_PAR,FC_PAR1,2024-12-18,5.0,4.6,False,0.0,
798,IXD_PAR,FC_PAR1,2024-12-21,5.0,3.5,False,0.0,
799,IXD_PAR,FC_PAR1,2024-12-24,5.0,4.1,False,0.0,
800,IXD_PAR,FC_PAR1,2024-12-27,5.0,4.7,False,0.0,
801,1DC_MUC,IXD_PAR,2024-09-01,10.0,12.4,True,2.4,port_congestion
802,1DC_MUC,IXD_PAR,2024-09-04,10.0,6.6,False,0.0,
803,1DC_MUC,IXD_PAR,2024-09-07,10.0,12.4,True,2.4,customs_hold
804,1DC_MUC,IXD_PAR,2024-09-10,10.0,10.0,False,0.0,
805,1DC_MUC,IXD_PAR,2024-09-13,10.0,7.1,False,0.0,
806,1DC_MUC,IXD_PAR,2024-09-16,10.0,11.7,True,1.7,weather
807,1DC_MUC,IXD_PAR,2024-09-19,10.0,8.7,False,0.0,
808,1DC_MUC,IXD_PAR,2024-09-22,10.0,11.1,True,1.1,driver_shortage
809,1DC_MUC,IXD_PAR,2024-09-25,10.0,11.7,True,1.7,port_congestion
810,1DC_MUC,IXD_PAR,2024-09-28,10.0,11.0,True,1.0,customs_hold
811,1DC_MUC,IXD_PAR,2024-10-01,10.0,9.1,False,0.0,
812,1DC_MUC,IXD_PAR,2024-10-04,10.0,8.3,False,0.0,
813,1DC_MUC,IXD_PAR,2024-10-07,10.0,9.7,False,0.0,
814,1DC_MUC,IXD_PAR,2024-10-10,10.0,6.4,False,0.0,
815,1DC_MUC,IXD_PAR,2024-10-13,10.0,13.6,True,3.6,driver_shortage
816,1DC_MUC,IXD_PAR,2024-10-16,10.0,11.2,True,1.2,customs_hold
817,1DC_MUC,IXD_PAR,2024-10-19,10.0,6.2,False,0.0,
818,1DC_MUC,IXD_PAR,2024-10-22,10.0,10.5,True,0.5,weather
819,1DC_MUC,IXD_PAR,2024-10-25,10.0,11.1,True,1.1,weather
820,1DC_MUC,IXD_PAR,2024-10-28,10.0,10.8,True,0.8,carrier_capacity
821,1DC_MUC,IXD_PAR,2024-10-31,10.0,11.7,True,1.7,customs_hold
822,1DC_MUC,IXD_PAR,2024-11-03,10.0,8.4,False,0.0,
823,1DC_MUC,IXD_PAR,2024-11-06,10.0,10.5,True,0.5,driver_shortage
824,1DC_MUC,IXD_PAR,2024-11-09,10.0,9.7,False,0.0,
825,1DC_MUC,IXD_PAR,2024-11-12,10.0,10.1,True,0.1,port_congestion
826,1DC_MUC,IXD_PAR,2024-11-15,10.0,9.3,False,0.0,
827,1DC_MUC,IXD_PAR,2024-11-18,10.0,10.6,True,0.6,port_congestion
828,1DC_MUC,IXD_PAR,2024-11-21,10.0,8.0,False,0.0,
829,1DC_MUC,IXD_PAR,2024-11-24,10.0,12.3,True,2.3,customs_hold
830,1DC_MUC,IXD_PAR,2024-11-27,10.0,8.9,False,0.0,
831,1DC_MUC,IXD_PAR,2024-11-30,10.0,11.2,True,1.2,driver_shortage
832,1DC_MUC,IXD_PAR,2024-12-03,10.0,9.3,False,0.0,
833,1DC_MUC,IXD_PAR,2024-12-06,10.0,12.4,True,2.4,driver_shortage
834,1DC_MUC,IXD_PAR,2024-12-09,10.0,13.4,True,3.4,customs_hold
835,1DC_MUC,IXD_PAR,2024-12-12,10.0,9.8,False,0.0,
836,1DC_MUC,IXD_PAR,2024-12-15,10.0,10.6,True,0.6,customs_hold
837,1DC_MUC,IXD_PAR,2024-12-18,10.0,10.2,True,0.2,weather
838,1DC_MUC,IXD_PAR,2024-12-21,10.0,9.4,False,0.0,
839,1DC_MUC,IXD_PAR,2024-12-24,10.0,7.5,False,0.0,
840,1DC_MUC,IXD_PAR,2024-12-27,10.0,13.4,True,3.4,customs_hold
841,IXD_PAR,FC_PAR2,2024-09-01,5.0,5.9,True,0.9,driver_shortage
842,IXD_PAR,FC_PAR2,2024-09-04,5.0,4.8,False,0.0,
843,IXD_PAR,FC_PAR2,2024-09-07,5.0,3.5,False,0.0,
844,IXD_PAR,FC_PAR2,2024-09-10,5.0,5.5,True,0.5,driver_shortage
845,IXD_PAR,FC_PAR2,2024-09-13,5.0,4.4,False,0.0,
846,IXD_PAR,FC_PAR2,2024-09-16,5.0,5.6,True,0.6,carrier_capacity
847,IXD_PAR,FC_PAR2,2024-09-19,5.0,4.0,False,0.0,
848,IXD_PAR,FC_PAR2,2024-09-22,5.0,3.6,False,0.0,
849,IXD_PAR,FC_PAR2,2024-09-25,5.0,6.1,True,1.1,driver_shortage
850,IXD_PAR,FC_PAR2,2024-09-28,5.0,4.5,False,0.0,
851,IXD_PAR,FC_PAR2,2024-10-01,5.0,5.5,True,0.5,driver_shortage
852,IXD_PAR,FC_PAR2,2024-10-04,5.0,4.1,False,0.0,
853,IXD_PAR,FC_PAR2,2024-10-07,5.0,4.7,False,0.0,
854,IXD_PAR,FC_PAR2,2024-10-10,5.0,5.4,True,0.4,weather
855,IXD_PAR,FC_PAR2,2024-10-13,5.0,5.4,True,0.4,weather
856,IXD_PAR,FC_PAR2,2024-10-16,5.0,4.3,False,0.0,
857,IXD_PAR,FC_PAR2,2024-10-19,5.0,4.8,False,0.0,
858,IXD_PAR,FC_PAR2,2024-10-22,5.0,6.5,True,1.5,driver_shortage
859,IXD_PAR,FC_PAR2,2024-10-25,5.0,4.2,False,0.0,
860,IXD_PAR,FC_PAR2,2024-10-28,5.0,5.1,True,0.1,customs_hold
861,IXD_PAR,FC_PAR2,2024-10-31,5.0,5.3,True,0.3,customs_hold
862,IXD_PAR,FC_PAR2,2024-11-03,5.0,4.7,False,0.0,
863,IXD_PAR,FC_PAR2,2024-11-06,5.0,4.7,False,0.0,
864,IXD_PAR,FC_PAR2,2024-11-09,5.0,4.1,False,0.0,
865,IXD_PAR,FC_PAR2,2024-11-12,5.0,4.6,False,0.0,
866,IXD_PAR,FC_PAR2,2024-11-15,5.0,5.8,True,0.8,port_congestion
867,IXD_PAR,FC_PAR2,2024-11-18,5.0,4.5,False,0.0,
868,IXD_PAR,FC_PAR2,2024-11-21,5.0,5.4,True,0.4,port_congestion
869,IXD_PAR,FC_PAR2,2024-11-24,5.0,4.0,False,0.0,
870,IXD_PAR,FC_PAR2,2024-11-27,5.0,5.6,True,0.6,port_congestion
871,IXD_PAR,FC_PAR2,2024-11-30,5.0,3.6,False,0.0,
872,IXD_PAR,FC_PAR2,2024-12-03,5.0,3.3,False,0.0,
873,IXD_PAR,FC_PAR2,2024-12-06,5.0,5.5,True,0.5,carrier_capacity
874,IXD_PAR,FC_PAR2,2024-12-09,5.0,4.4,False,0.0,
875,IXD_PAR,FC_PAR2,2024-12-12,5.0,5.3,True,0.3,carrier_capacity
876,IXD_PAR,FC_PAR2,2024-12-15,5.0,5.7,True,0.7,customs_hold
877,IXD_PAR,FC_PAR2,2024-12-18,5.0,4.1,False,0.0,
878,IXD_PAR,FC_PAR2,2024-12-21,5.0,4.2,False,0.0,
879,IXD_PAR,FC_PAR2,2024-12-24,5.0,3.8,False,0.0,
880,IXD_PAR,FC_PAR2,2024-12-27,5.0,6.7,True,1.7,weather
881,RDC_LYS,IXD_PAR,2024-09-01,10.0,12.4,True,2.4,port_congestion
882,RDC_LYS,IXD_PAR,2024-09-04,10.0,13.3,True,3.3,port_congestion
883,RDC_LYS,IXD_PAR,2024-09-07,10.0,8.7,False,0.0,
884,RDC_LYS,IXD_PAR,2024-09-10,10.0,11.8,True,1.8,customs_hold
885,RDC_LYS,IXD_PAR,2024-09-13,10.0,7.0,False,0.0,
886,RDC_LYS,IXD_PAR,2024-09-16,10.0,9.9,False,0.0,
887,RDC_LYS,IXD_PAR,2024-09-19,10.0,9.0,False,0.0,
888,RDC_LYS,IXD_PAR,2024-09-22,10.0,10.6,True,0.6,port_congestion
889,RDC_LYS,IXD_PAR,2024-09-25,10.0,10.5,True,0.5,driver_shortage
890,RDC_LYS,IXD_PAR,2024-09-28,10.0,11.0,True,1.0,carrier_capacity
891,RDC_LYS,IXD_PAR,2024-10-01,10.0,10.4,True,0.4,carrier_capacity
892,RDC_LYS,IXD_PAR,2024-10-04,10.0,8.8,False,0.0,
893,RDC_LYS,IXD_PAR,2024-10-07,10.0,6.4,False,0.0,
894,RDC_LYS,IXD_PAR,2024-10-10,10.0,10.8,True,0.8,port_congestion
895,RDC_LYS,IXD_PAR,2024-10-13,10.0,6.5,False,0.0,
896,RDC_LYS,IXD_PAR,2024-10-16,10.0,8.9,False,0.0,
897,RDC_LYS,IXD_PAR,2024-10-19,10.0,8.1,False,0.0,
898,RDC_LYS,IXD_PAR,2024-10-22,10.0,10.9,True,0.9,port_congestion
899,RDC_LYS,IXD_PAR,2024-10-25,10.0,8.2,False,0.0,
900,RDC_LYS,IXD_PAR,2024-10-28,10.0,12.3,True,2.3,weather
901,RDC_LYS,IXD_PAR,2024-10-31,10.0,5.8,False,0.0,
902,RDC_LYS,IXD_PAR,2024-11-03,10.0,12.7,True,2.7,customs_hold
903,RDC_LYS,IXD_PAR,2024-11-06,10.0,10.8,True,0.8,port_congestion
904,RDC_LYS,IXD_PAR,2024-11-09,10.0,10.8,True,0.8,driver_shortage
905,RDC_LYS,IXD_PAR,2024-11-12,10.0,9.8,False,0.0,
906,RDC_LYS,IXD_PAR,2024-11-15,10.0,14.0,True,4.0,customs_hold
907,RDC_LYS,IXD_PAR,2024-11-18,10.0,9.4,False,0.0,
908,RDC_LYS,IXD_PAR,2024-11-21,10.0,10.1,True,0.1,customs_hold
909,RDC_LYS,IXD_PAR,2024-11-24,10.0,9.5,False,0.0,
910,RDC_LYS,IXD_PAR,2024-11-27,10.0,13.9,True,3.9,carrier_capacity
911,RDC_LYS,IXD_PAR,2024-11-30,10.0,8.0,False,0.0,
912,RDC_LYS,IXD_PAR,2024-12-03,10.0,9.9,False,0.0,
913,RDC_LYS,IXD_PAR,2024-12-06,10.0,6.7,False,0.0,
914,RDC_LYS,IXD_PAR,2024-12-09,10.0,10.2,True,0.2,carrier_capacity
915,RDC_LYS,IXD_PAR,2024-12-12,10.0,10.6,True,0.6,driver_shortage
916,RDC_LYS,IXD_PAR,2024-12-15,10.0,12.2,True,2.2,carrier_capacity
917,RDC_LYS,IXD_PAR,2024-12-18,10.0,5.7,False,0.0,
918,RDC_LYS,IXD_PAR,2024-12-21,10.0,10.3,True,0.3,carrier_capacity
919,RDC_LYS,IXD_PAR,2024-12-24,10.0,8.1,False,0.0,
920,RDC_LYS,IXD_PAR,2024-12-27,10.0,10.0,False,0.0,
921,IXD_PAR,FC_PAR2,2024-09-01,5.0,4.6,False,0.0,
922,IXD_PAR,FC_PAR2,2024-09-04,5.0,5.4,True,0.4,driver_shortage
923,IXD_PAR,FC_PAR2,2024-09-07,5.0,5.0,False,0.0,
924,IXD_PAR,FC_PAR2,2024-09-10,5.0,4.5,False,0.0,
925,IXD_PAR,FC_PAR2,2024-09-13,5.0,2.7,False,0.0,
926,IXD_PAR,FC_PAR2,2024-09-16,5.0,6.4,True,1.4,carrier_capacity
927,IXD_PAR,FC_PAR2,2024-09-19,5.0,4.5,False,0.0,
928,IXD_PAR,FC_PAR2,2024-09-22,5.0,3.6,False,0.0,
929,IXD_PAR,FC_PAR2,2024-09-25,5.0,3.8,False,0.0,
930,IXD_PAR,FC_PAR2,2024-09-28,5.0,6.5,True,1.5,driver_shortage
931,IXD_PAR,FC_PAR2,2024-10-01,5.0,3.8,False,0.0,
932,IXD_PAR,FC_PAR2,2024-10-04,5.0,3.7,False,0.0,
933,IXD_PAR,FC_PAR2,2024-10-07,5.0,6.2,True,1.2,carrier_capacity
934,IXD_PAR,FC_PAR2,2024-10-10,5.0,4.7,False,0.0,
935,IXD_PAR,FC_PAR2,2024-10-13,5.0,3.9,False,0.0,
936,IXD_PAR,FC_PAR2,2024-10-16,5.0,3.0,False,0.0,
937,IXD_PAR,FC_PAR2,2024-10-19,5.0,4.9,False,0.0,
938,IXD_PAR,FC_PAR2,2024-10-22,5.0,4.5,False,0.0,
939,IXD_PAR,FC_PAR2,2024-10-25,5.0,7.0,True,2.0,customs_hold
940,IXD_PAR,FC_PAR2,2024-10-28,5.0,5.8,True,0.8,driver_shortage
941,IXD_PAR,FC_PAR2,2024-10-31,5.0,3.5,False,0.0,
942,IXD_PAR,FC_PAR2,2024-11-03,5.0,6.3,True,1.3,driver_shortage
943,IXD_PAR,FC_PAR2,2024-11-06,5.0,5.7,True,0.7,port_congestion
944,IXD_PAR,FC_PAR2,2024-11-09,5.0,5.1,True,0.1,port_congestion
945,IXD_PAR,FC_PAR2,2024-11-12,5.0,3.1,False,0.0,
946,IXD_PAR,FC_PAR2,2024-11-15,5.0,6.6,True,1.6,weather
947,IXD_PAR,FC_PAR2,2024-11-18,5.0,3.4,False,0.0,
948,IXD_PAR,FC_PAR2,2024-11-21,5.0,5.6,True,0.6,customs_hold
949,IXD_PAR,FC_PAR2,2024-11-24,5.0,4.3,False,0.0,
950,IXD_PAR,FC_PAR2,2024-11-27,5.0,4.5,False,0.0,
951,IXD_PAR,FC_PAR2,2024-11-30,5.0,5.1,True,0.1,carrier_capacity
952,IXD_PAR,FC_PAR2,2024-12-03,5.0,3.2,False,0.0,
953,IXD_PAR,FC_PAR2,2024-12-06,5.0,6.0,True,1.0,customs_hold
954,IXD_PAR,FC_PAR2,2024-12-09,5.0,3.7,False,0.0,
955,IXD_PAR,FC_PAR2,2024-12-12,5.0,4.6,False,0.0,
956,IXD_PAR,FC_PAR2,2024-12-15,5.0,6.7,True,1.7,driver_shortage
957,IXD_PAR,FC_PAR2,2024-12-18,5.0,5.4,True,0.4,driver_shortage
958,IXD_PAR,FC_PAR2,2024-12-21,5.0,4.9,False,0.0,
959,IXD_PAR,FC_PAR2,2024-12-24,5.0,4.5,False,0.0,
960,IXD_PAR,FC_PAR2,2024-12-27,5.0,4.2,False,0.0,
961,1DC_BCN,IXD_BER,2024-09-01,10.0,11.4,True,1.4,customs_hold
962,1DC_BCN,IXD_BER,2024-09-04,10.0,8.3,False,0.0,
963,1DC_BCN,IXD_BER,2024-09-07,10.0,11.8,True,1.8,port_congestion
964,1DC_BCN,IXD_BER,2024-09-10,10.0,8.5,False,0.0,
965,1DC_BCN,IXD_BER,2024-09-13,10.0,10.6,True,0.6,port_congestion
966,1DC_BCN,IXD_BER,2024-09-16,10.0,7.5,False,0.0,
967,1DC_BCN,IXD_BER,2024-09-19,10.0,9.4,False,0.0,
968,1DC_BCN,IXD_BER,2024-09-22,10.0,8.3,False,0.0,
969,1DC_BCN,IXD_BER,2024-09-25,10.0,8.6,False,0.0,
970,1DC_BCN,IXD_BER,2024-09-28,10.0,11.5,True,1.5,driver_shortage
971,1DC_BCN,IXD_BER,2024-10-01,10.0,10.5,True,0.5,customs_hold
972,1DC_BCN,IXD_BER,2024-10-04,10.0,10.3,True,0.3,driver_shortage
973,1DC_BCN,IXD_BER,2024-10-07,10.0,7.8,False,0.0,
974,1DC_BCN,IXD_BER,2024-10-10,10.0,8.0,False,0.0,
975,1DC_BCN,IXD_BER,2024-10-13,10.0,10.9,True,0.9,customs_hold
976,1DC_BCN,IXD_BER,2024-10-16,10.0,9.7,False,0.0,
977,1DC_BCN,IXD_BER,2024-10-19,10.0,10.2,True,0.2,customs_hold
978,1DC_BCN,IXD_BER,2024-10-22,10.0,10.7,True,0.7,port_congestion
979,1DC_BCN,IXD_BER,2024-10-25,10.0,10.9,True,0.9,driver_shortage
980,1DC_BCN,IXD_BER,2024-10-28,10.0,7.8,False,0.0,
981,1DC_BCN,IXD_BER,2024-10-31,10.0,8.8,False,0.0,
982,1DC_BCN,IXD_BER,2024-11-03,10.0,6.4,False,0.0,
983,1DC_BCN,IXD_BER,2024-11-06,10.0,9.3,False,0.0,
984,1DC_BCN,IXD_BER,2024-11-09,10.0,8.2,False,0.0,
985,1DC_BCN,IXD_BER,2024-11-12,10.0,10.7,True,0.7,port_congestion
986,1DC_BCN,IXD_BER,2024-11-15,10.0,8.2,False,0.0,
987,1DC_BCN,IXD_BER,2024-11-18,10.0,10.9,True,0.9,carrier_capacity
988,1DC_BCN,IXD_BER,2024-11-21,10.0,4.9,False,0.0,
989,1DC_BCN,IXD_BER,2024-11-24,10.0,11.5,True,1.5,port_congestion
990,1DC_BCN,IXD_BER,2024-11-27,10.0,8.9,False,0.0,
991,1DC_BCN,IXD_BER,2024-11-30,10.0,9.7,False,0.0,
992,1DC_BCN,IXD_BER,2024-12-03,10.0,10.4,True,0.4,driver_shortage
993,1DC_BCN,IXD_BER,2024-12-06,10.0,10.7,True,0.7,customs_hold
994,1DC_BCN,IXD_BER,2024-12-09,10.0,10.6,True,0.6,driver_shortage
995,1DC_BCN,IXD_BER,2024-12-12,10.0,9.2,False,0.0,
996,1DC_BCN,IXD_BER,2024-12-15,10.0,10.3,True,0.3,customs_hold
997,1DC_BCN,IXD_BER,2024-12-18,10.0,9.5,False,0.0,
998,1DC_BCN,IXD_BER,2024-12-21,10.0,12.7,True,2.7,driver_shortage
999,1DC_BCN,IXD_BER,2024-12-24,10.0,10.2,True,0.2,carrier_capacity
1000,1DC_BCN,IXD_BER,2024-12-27,10.0,10.0,False,0.0,
1001,IXD_BER,FC_BER1,2024-09-01,5.0,4.3,False,0.0,
1002,IXD_BER,FC_BER1,2024-09-04,5.0,4.5,False,0.0,
1003,IXD_BER,FC_BER1,2024-09-07,5.0,3.7,False,0.0,
1004,IXD_BER,FC_BER1,2024-09-10,5.0,5.3,True,0.3,driver_shortage
1005,IXD_BER,FC_BER1,2024-09-13,5.0,3.2,False,0.0,
1006,IXD_BER,FC_BER1,2024-09-16,5.0,4.7,False,0.0,
1007,IXD_BER,FC_BER1,2024-09-19,5.0,4.8,False,0.0,
1008,IXD_BER,FC_BER1,2024-09-22,5.0,4.7,False,0.0,
1009,IXD_BER,FC_BER1,2024-09-25,5.0,6.2,True,1.2,carrier_capacity
1010,IXD_BER,FC_BER1,2024-09-28,5.0,5.0,False,0.0,
1011,IXD_BER,FC_BER1,2024-10-01,5.0,5.1,True,0.1,carrier_capacity
1012,IXD_BER,FC_BER1,2024-10-04,5.0,4.2,False,0.0,
1013,IXD_BER,FC_BER1,2024-10-07,5.0,3.3,False,0.0,
1014,IXD_BER,FC_BER1,2024-10-10,5.0,4.7,False,0.0,
1015,IXD_BER,FC_BER1,2024-10-13,5.0,5.7,True,0.7,weather
1016,IXD_BER,FC_BER1,2024-10-16,5.0,3.4,False,0.0,
1017,IXD_BER,FC_BER1,2024-10-19,5.0,4.7,False,0.0,
1018,IXD_BER,FC_BER1,2024-10-22,5.0,5.0,False,0.0,
1019,IXD_BER,FC_BER1,2024-10-25,5.0,5.1,True,0.1,weather
1020,IXD_BER,FC_BER1,2024-10-28,5.0,4.6,False,0.0,
1021,IXD_BER,FC_BER1,2024-10-31,5.0,4.5,False,0.0,
1022,IXD_BER,FC_BER1,2024-11-03,5.0,4.1,False,0.0,
1023,IXD_BER,FC_BER1,2024-11-06,5.0,4.8,False,0.0,
1024,IXD_BER,FC_BER1,2024-11-09,5.0,4.7,False,0.0,
1025,IXD_BER,FC_BER1,2024-11-12,5.0,6.2,True,1.2,port_congestion
1026,IXD_BER,FC_BER1,2024-11-15,5.0,4.1,False,0.0,
1027,IXD_BER,FC_BER1,2024-11-18,5.0,5.5,True,0.5,port_congestion
1028,IXD_BER,FC_BER1,2024-11-21,5.0,5.1,True,0.1,customs_hold
1029,IXD_BER,FC_BER1,2024-11-24,5.0,4.8,False,0.0,
1030,IXD_BER,FC_BER1,2024-11-27,5.0,6.3,True,1.3,weather
1031,IXD_BER,FC_BER1,2024-11-30,5.0,5.1,True,0.1,customs_hold
1032,IXD_BER,FC_BER1,2024-12-03,5.0,2.5,False,0.0,
1033,IXD_BER,FC_BER1,2024-12-06,5.0,4.8,False,0.0,
1034,IXD_BER,FC_BER1,2024-12-09,5.0,4.8,False,0.0,
1035,IXD_BER,FC_BER1,2024-12-12,5.0,5.3,True,0.3,port_congestion
1036,IXD_BER,FC_BER1,2024-12-15,5.0,3.8,False,0.0,
1037,IXD_BER,FC_BER1,2024-12-18,5.0,3.2,False,0.0,
1038,IXD_BER,FC_BER1,2024-12-21,5.0,5.0,False,0.0,
1039,IXD_BER,FC_BER1,2024-12-24,5.0,5.0,False,0.0,
1040,IXD_BER,FC_BER1,2024-12-27,5.0,4.0,False,0.0,
1041,RDC_FRA,IXD_BER,2024-09-01,10.0,10.8,True,0.8,port_congestion
1042,RDC_FRA,IXD_BER,2024-09-04,10.0,7.3,False,0.0,
1043,RDC_FRA,IXD_BER,2024-09-07,10.0,10.5,True,0.5,customs_hold
1044,RDC_FRA,IXD_BER,2024-09-10,10.0,8.2,False,0.0,
1045,RDC_FRA,IXD_BER,2024-09-13,10.0,10.0,False,0.0,
1046,RDC_FRA,IXD_BER,2024-09-16,10.0,10.1,True,0.1,driver_shortage
1047,RDC_FRA,IXD_BER,2024-09-19,10.0,10.0,False,0.0,
1048,RDC_FRA,IXD_BER,2024-09-22,10.0,11.2,True,1.2,customs_hold
1049,RDC_FRA,IXD_BER,2024-09-25,10.0,10.5,True,0.5,port_congestion
1050,RDC_FRA,IXD_BER,2024-09-28,10.0,10.3,True,0.3,driver_shortage
1051,RDC_FRA,IXD_BER,2024-10-01,10.0,9.0,False,0.0,
1052,RDC_FRA,IXD_BER,2024-10-04,10.0,11.6,True,1.6,customs_hold
1053,RDC_FRA,IXD_BER,2024-10-07,10.0,7.8,False,0.0,
1054,RDC_FRA,IXD_BER,2024-10-10,10.0,11.6,True,1.6,port_congestion
1055,RDC_FRA,IXD_BER,2024-10-13,10.0,11.0,True,1.0,customs_hold
1056,RDC_FRA,IXD_BER,2024-10-16,10.0,9.1,False,0.0,
1057,RDC_FRA,IXD_BER,2024-10-19,10.0,9.9,False,0.0,
1058,RDC_FRA,IXD_BER,2024-10-22,10.0,10.6,True,0.6,customs_hold
1059,RDC_FRA,IXD_BER,2024-10-25,10.0,9.7,False,0.0,
1060,RDC_FRA,IXD_BER,2024-10-28,10.0,11.0,True,1.0,driver_shortage
1061,RDC_FRA,IXD_BER,2024-10-31,10.0,8.5,False,0.0,
1062,RDC_FRA,IXD_BER,2024-11-03,10.0,10.5,True,0.5,customs_hold
1063,RDC_FRA,IXD_BER,2024-11-06,10.0,9.0,False,0.0,
1064,RDC_FRA,IXD_BER,2024-11-09,10.0,7.9,False,0.0,
1065,RDC_FRA,IXD_BER,2024-11-12,10.0,12.9,True,2.9,port_congestion
1066,RDC_FRA,IXD_BER,2024-11-15,10.0,7.5,False,0.0,
1067,RDC_FRA,IXD_BER,2024-11-18,10.0,7.3,False,0.0,
1068,RDC_FRA,IXD_BER,2024-11-21,10.0,9.5,False,0.0,
1069,RDC_FRA,IXD_BER,2024-11-24,10.0,10.7,True,0.7,weather
1070,RDC_FRA,IXD_BER,2024-11-27,10.0,8.7,False,0.0,
1071,RDC_FRA,IXD_BER,2024-11-30,10.0,10.3,True,0.3,driver_shortage
1072,RDC_FRA,IXD_BER,2024-12-03,10.0,10.0,False,0.0,
1073,RDC_FRA,IXD_BER,2024-12-06,10.0,7.9,False,0.0,
1074,RDC_FRA,IXD_BER,2024-12-09,10.0,8.6,False,0.0,
1075,RDC_FRA,IXD_BER,2024-12-12,10.0,10.3,True,0.3,driver_shortage
1076,RDC_FRA,IXD_BER,2024-12-15,10.0,8.5,False,0.0,
1077,RDC_FRA,IXD_BER,2024-12-18,10.0,8.6,False,0.0,
1078,RDC_FRA,IXD_BER,2024-12-21,10.0,8.3,False,0.0,
1079,RDC_FRA,IXD_BER,2024-12-24,10.0,10.5,True,0.5,driver_shortage
1080,RDC_FRA,IXD_BER,2024-12-27,10.0,10.5,True,0.5,driver_shortage
1081,IXD_BER,FC_BER1,2024-09-01,5.0,5.2,True,0.2,port_congestion
1082,IXD_BER,FC_BER1,2024-09-04,5.0,4.4,False,0.0,
1083,IXD_BER,FC_BER1,2024-09-07,5.0,5.1,True,0.1,driver_shortage
1084,IXD_BER,FC_BER1,2024-09-10,5.0,5.5,True,0.5,weather
1085,IXD_BER,FC_BER1,2024-09-13,5.0,5.7,True,0.7,port_congestion
1086,IXD_BER,FC_BER1,2024-09-16,5.0,4.1,False,0.0,
1087,IXD_BER,FC_BER1,2024-09-19,5.0,5.4,True,0.4,carrier_capacity
1088,IXD_BER,FC_BER1,2024-09-22,5.0,3.7,False,0.0,
1089,IXD_BER,FC_BER1,2024-09-25,5.0,3.8,False,0.0,
1090,IXD_BER,FC_BER1,2024-09-28,5.0,5.7,True,0.7,driver_shortage
1091,IXD_BER,FC_BER1,2024-10-01,5.0,5.6,True,0.6,carrier_capacity
1092,IXD_BER,FC_BER1,2024-10-04,5.0,4.8,False,0.0,
1093,IXD_BER,FC_BER1,2024-10-07,5.0,5.1,True,0.1,carrier_capacity
1094,IXD_BER,FC_BER1,2024-10-10,5.0,5.3,True,0.3,weather
1095,IXD_BER,FC_BER1,2024-10-13,5.0,4.1,False,0.0,
1096,IXD_BER,FC_BER1,2024-10-16,5.0,3.1,False,0.0,
1097,IXD_BER,FC_BER1,2024-10-19,5.0,3.5,False,0.0,
1098,IXD_BER,FC_BER1,2024-10-22,5.0,4.0,False,0.0,
1099,IXD_BER,FC_BER1,2024-10-25,5.0,5.0,False,0.0,
1100,IXD_BER,FC_BER1,2024-10-28,5.0,3.6,False,0.0,
1101,IXD_BER,FC_BER1,2024-10-31,5.0,6.5,True,1.5,weather
1102,IXD_BER,FC_BER1,2024-11-03,5.0,5.6,True,0.6,weather
1103,IXD_BER,FC_BER1,2024-11-06,5.0,5.4,True,0.4,weather
1104,IXD_BER,FC_BER1,2024-11-09,5.0,4.1,False,0.0,
1105,IXD_BER,FC_BER1,2024-11-12,5.0,5.4,True,0.4,port_congestion
1106,IXD_BER,FC_BER1,2024-11-15,5.0,6.3,True,1.3,weather
1107,IXD_BER,FC_BER1,2024-11-18,5.0,5.4,True,0.4,carrier_capacity
1108,IXD_BER,FC_BER1,2024-11-21,5.0,4.1,False,0.0,
1109,IXD_BER,FC_BER1,2024-11-24,5.0,5.7,True,0.7,weather
1110,IXD_BER,FC_BER1,2024-11-27,5.0,3.6,False,0.0,
1111,IXD_BER,FC_BER1,2024-11-30,5.0,4.0,False,0.0,
1112,IXD_BER,FC_BER1,2024-12-03,5.0,4.9,False,0.0,
1113,IXD_BER,FC_BER1,2024-12-06,5.0,5.5,True,0.5,weather
1114,IXD_BER,FC_BER1,2024-12-09,5.0,5.1,True,0.1,customs_hold
1115,IXD_BER,FC_BER1,2024-12-12,5.0,5.3,True,0.3,weather
1116,IXD_BER,FC_BER1,2024-12-15,5.0,4.5,False,0.0,
1117,IXD_BER,FC_BER1,2024-12-18,5.0,6.1,True,1.1,driver_shortage
1118,IXD_BER,FC_BER1,2024-12-21,5.0,5.0,False,0.0,
1119,IXD_BER,FC_BER1,2024-12-24,5.0,3.8,False,0.0,
1120,IXD_BER,FC_BER1,2024-12-27,5.0,4.6,False,0.0,
1121,1DC_BCN,IXD_PAR,2024-09-01,10.0,8.3,False,0.0,
1122,1DC_BCN,IXD_PAR,2024-09-04,10.0,7.8,False,0.0,
1123,1DC_BCN,IXD_PAR,2024-09-07,10.0,9.5,False,0.0,
1124,1DC_BCN,IXD_PAR,2024-09-10,10.0,10.2,True,0.2,port_congestion
1125,1DC_BCN,IXD_PAR,2024-09-13,10.0,10.2,True,0.2,weather
1126,1DC_BCN,IXD_PAR,2024-09-16,10.0,9.6,False,0.0,
1127,1DC_BCN,IXD_PAR,2024-09-19,10.0,11.3,True,1.3,weather
1128,1DC_BCN,IXD_PAR,2024-09-22,10.0,13.4,True,3.4,customs_hold
1129,1DC_BCN,IXD_PAR,2024-09-25,10.0,10.6,True,0.6,customs_hold
1130,1DC_BCN,IXD_PAR,2024-09-28,10.0,12.4,True,2.4,carrier_capacity
1131,1DC_BCN,IXD_PAR,2024-10-01,10.0,9.1,False,0.0,
1132,1DC_BCN,IXD_PAR,2024-10-04,10.0,9.1,False,0.0,
1133,1DC_BCN,IXD_PAR,2024-10-07,10.0,7.4,False,0.0,
1134,1DC_BCN,IXD_PAR,2024-10-10,10.0,9.5,False,0.0,
1135,1DC_BCN,IXD_PAR,2024-10-13,10.0,6.4,False,0.0,
1136,1DC_BCN,IXD_PAR,2024-10-16,10.0,10.9,True,0.9,driver_shortage
1137,1DC_BCN,IXD_PAR,2024-10-19,10.0,8.7,False,0.0,
1138,1DC_BCN,IXD_PAR,2024-10-22,10.0,11.1,True,1.1,customs_hold
1139,1DC_BCN,IXD_PAR,2024-10-25,10.0,8.7,False,0.0,
1140,1DC_BCN,IXD_PAR,2024-10-28,10.0,9.6,False,0.0,
1141,1DC_BCN,IXD_PAR,2024-10-31,10.0,8.8,False,0.0,
1142,1DC_BCN,IXD_PAR,2024-11-03,10.0,9.3,False,0.0,
1143,1DC_BCN,IXD_PAR,2024-11-06,10.0,10.3,True,0.3,customs_hold
1144,1DC_BCN,IXD_PAR,2024-11-09,10.0,9.5,False,0.0,
1145,1DC_BCN,IXD_PAR,2024-11-12,10.0,13.0,True,3.0,customs_hold
1146,1DC_BCN,IXD_PAR,2024-11-15,10.0,9.0,False,0.0,
1147,1DC_BCN,IXD_PAR,2024-11-18,10.0,9.3,False,0.0,
1148,1DC_BCN,IXD_PAR,2024-11-21,10.0,8.5,False,0.0,
1149,1DC_BCN,IXD_PAR,2024-11-24,10.0,7.8,False,0.0,
1150,1DC_BCN,IXD_PAR,2024-11-27,10.0,10.0,False,0.0,
1151,1DC_BCN,IXD_PAR,2024-11-30,10.0,5.6,False,0.0,
1152,1DC_BCN,IXD_PAR,2024-12-03,10.0,11.6,True,1.6,carrier_capacity
1153,1DC_BCN,IXD_PAR,2024-12-06,10.0,8.8,False,0.0,
1154,1DC_BCN,IXD_PAR,2024-12-09,10.0,10.9,True,0.9,weather
1155,1DC_BCN,IXD_PAR,2024-12-12,10.0,9.9,False,0.0,
1156,1DC_BCN,IXD_PAR,2024-12-15,10.0,11.4,True,1.4,weather
1157,1DC_BCN,IXD_PAR,2024-12-18,10.0,9.4,False,0.0,
1158,1DC_BCN,IXD_PAR,2024-12-21,10.0,8.5,False,0.0,
1159,1DC_BCN,IXD_PAR,2024-12-24,10.0,12.1,True,2.1,port_congestion
1160,1DC_BCN,IXD_PAR,2024-12-27,10.0,11.1,True,1.1,port_congestion
1161,IXD_PAR,FC_MUN1,2024-09-01,5.0,4.3,False,0.0,
1162,IXD_PAR,FC_MUN1,2024-09-04,5.0,5.8,True,0.8,customs_hold
1163,IXD_PAR,FC_MUN1,2024-09-07,5.0,3.4,False,0.0,
1164,IXD_PAR,FC_MUN1,2024-09-10,5.0,3.0,False,0.0,
1165,IXD_PAR,FC_MUN1,2024-09-13,5.0,3.5,False,0.0,
1166,IXD_PAR,FC_MUN1,2024-09-16,5.0,4.2,False,0.0,
1167,IXD_PAR,FC_MUN1,2024-09-19,5.0,3.6,False,0.0,
1168,IXD_PAR,FC_MUN1,2024-09-22,5.0,4.5,False,0.0,
1169,IXD_PAR,FC_MUN1,2024-09-25,5.0,5.4,True,0.4,port_congestion
1170,IXD_PAR,FC_MUN1,2024-09-28,5.0,4.6,False,0.0,
1171,IXD_PAR,FC_MUN1,2024-10-01,5.0,5.8,True,0.8,customs_hold
1172,IXD_PAR,FC_MUN1,2024-10-04,5.0,3.0,False,0.0,
1173,IXD_PAR,FC_MUN1,2024-10-07,5.0,5.0,False,0.0,
1174,IXD_PAR,FC_MUN1,2024-10-10,5.0,3.5,False,0.0,
1175,IXD_PAR,FC_MUN1,2024-10-13,5.0,4.5,False,0.0,
1176,IXD_PAR,FC_MUN1,2024-10-16,5.0,4.7,False,0.0,
1177,IXD_PAR,FC_MUN1,2024-10-19,5.0,4.4,False,0.0,
1178,IXD_PAR,FC_MUN1,2024-10-22,5.0,3.9,False,0.0,
1179,IXD_PAR,FC_MUN1,2024-10-25,5.0,4.8,False,0.0,
1180,IXD_PAR,FC_MUN1,2024-10-28,5.0,6.1,True,1.1,port_congestion
1181,IXD_PAR,FC_MUN1,2024-10-31,5.0,4.1,False,0.0,
1182,IXD_PAR,FC_MUN1,2024-11-03,5.0,3.8,False,0.0,
1183,IXD_PAR,FC_MUN1,2024-11-06,5.0,4.9,False,0.0,
1184,IXD_PAR,FC_MUN1,2024-11-09,5.0,4.8,False,0.0,
1185,IXD_PAR,FC_MUN1,2024-11-12,5.0,4.4,False,0.0,
1186,IXD_PAR,FC_MUN1,2024-11-15,5.0,5.1,True,0.1,customs_hold
1187,IXD_PAR,FC_MUN1,2024-11-18,5.0,4.6,False,0.0,
1188,IXD_PAR,FC_MUN1,2024-11-21,5.0,4.7,False,0.0,
1189,IXD_PAR,FC_MUN1,2024-11-24,5.0,4.5,False,0.0,
1190,IXD_PAR,FC_MUN1,2024-11-27,5.0,4.7,False,0.0,
1191,IXD_PAR,FC_MUN1,2024-11-30,5.0,4.9,False,0.0,
1192,IXD_PAR,FC_MUN1,2024-12-03,5.0,6.1,True,1.1,port_congestion
1193,IXD_PAR,FC_MUN1,2024-12-06,5.0,4.0,False,0.0,
1194,IXD_PAR,FC_MUN1,2024-12-09,5.0,5.2,True,0.2,weather
1195,IXD_PAR,FC_MUN1,2024-12-12,5.0,4.8,False,0.0,
1196,IXD_PAR,FC_MUN1,2024-12-15,5.0,5.1,True,0.1,customs_hold
1197,IXD_PAR,FC_MUN1,2024-12-18,5.0,4.8,False,0.0,
1198,IXD_PAR,FC_MUN1,2024-12-21,5.0,4.7,False,0.0,
1199,IXD_PAR,FC_MUN1,2024-12-24,5.0,5.4,True,0.4,port_congestion
1200,IXD_PAR,FC_MUN1,2024-12-27,5.0,5.1,True,0.1,carrier_capacity
1201,RDC_FRA,IXD_PAR,2024-09-01,10.0,8.1,False,0.0,
1202,RDC_FRA,IXD_PAR,2024-09-04,10.0,9.2,False,0.0,
1203,RDC_FRA,IXD_PAR,2024-09-07,10.0,9.8,False,0.0,
1204,RDC_FRA,IXD_PAR,2024-09-10,10.0,10.1,True,0.1,weather
1205,RDC_FRA,IXD_PAR,2024-09-13,10.0,10.5,True,0.5,port_congestion
1206,RDC_FRA,IXD_PAR,2024-09-16,10.0,11.1,True,1.1,carrier_capacity
1207,RDC_FRA,IXD_PAR,2024-09-19,10.0,13.4,True,3.4,driver_shortage
1208,RDC_FRA,IXD_PAR,2024-09-22,10.0,9.8,False,0.0,
1209,RDC_FRA,IXD_PAR,2024-09-25,10.0,6.2,False,0.0,
1210,RDC_FRA,IXD_PAR,2024-09-28,10.0,8.8,False,0.0,
1211,RDC_FRA,IXD_PAR,2024-10-01,10.0,7.8,False,0.0,
1212,RDC_FRA,IXD_PAR,2024-10-04,10.0,11.1,True,1.1,weather
1213,RDC_FRA,IXD_PAR,2024-10-07,10.0,11.0,True,1.0,weather
1214,RDC_FRA,IXD_PAR,2024-10-10,10.0,9.5,False,0.0,
1215,RDC_FRA,IXD_PAR,2024-10-13,10.0,10.3,True,0.3,carrier_capacity
1216,RDC_FRA,IXD_PAR,2024-10-16,10.0,9.6,False,0.0,
1217,RDC_FRA,IXD_PAR,2024-10-19,10.0,8.0,False,0.0,
1218,RDC_FRA,IXD_PAR,2024-10-22,10.0,8.7,False,0.0,
1219,RDC_FRA,IXD_PAR,2024-10-25,10.0,9.3,False,0.0,
1220,RDC_FRA,IXD_PAR,2024-10-28,10.0,8.0,False,0.0,
1221,RDC_FRA,IXD_PAR,2024-10-31,10.0,10.1,True,0.1,port_congestion
1222,RDC_FRA,IXD_PAR,2024-11-03,10.0,11.8,True,1.8,customs_hold
1223,RDC_FRA,IXD_PAR,2024-11-06,10.0,8.7,False,0.0,
1224,RDC_FRA,IXD_PAR,2024-11-09,10.0,9.0,False,0.0,
1225,RDC_FRA,IXD_PAR,2024-11-12,10.0,12.4,True,2.4,port_congestion
1226,RDC_FRA,IXD_PAR,2024-11-15,10.0,9.5,False,0.0,
1227,RDC_FRA,IXD_PAR,2024-11-18,10.0,12.7,True,2.7,port_congestion
1228,RDC_FRA,IXD_PAR,2024-11-21,10.0,8.9,False,0.0,
1229,RDC_FRA,IXD_PAR,2024-11-24,10.0,6.6,False,0.0,
1230,RDC_FRA,IXD_PAR,2024-11-27,10.0,10.4,True,0.4,customs_hold
1231,RDC_FRA,IXD_PAR,2024-11-30,10.0,7.2,False,0.0,
1232,RDC_FRA,IXD_PAR,2024-12-03,10.0,10.2,True,0.2,customs_hold
1233,RDC_FRA,IXD_PAR,2024-12-06,10.0,10.9,True,0.9,driver_shortage
1234,RDC_FRA,IXD_PAR,2024-12-09,10.0,8.4,False,0.0,
1235,RDC_FRA,IXD_PAR,2024-12-12,10.0,6.4,False,0.0,
1236,RDC_FRA,IXD_PAR,2024-12-15,10.0,9.4,False,0.0,
1237,RDC_FRA,IXD_PAR,2024-12-18,10.0,6.7,False,0.0,
1238,RDC_FRA,IXD_PAR,2024-12-21,10.0,8.7,False,0.0,
1239,RDC_FRA,IXD_PAR,2024-12-24,10.0,11.2,True,1.2,carrier_capacity
1240,RDC_FRA,IXD_PAR,2024-12-27,10.0,10.7,True,0.7,weather
1241,IXD_PAR,FC_MUN1,2024-09-01,5.0,4.5,False,0.0,
1242,IXD_PAR,FC_MUN1,2024-09-04,5.0,4.8,False,0.0,
1243,IXD_PAR,FC_MUN1,2024-09-07,5.0,4.7,False,0.0,
1244,IXD_PAR,FC_MUN1,2024-09-10,5.0,4.5,False,0.0,
1245,IXD_PAR,FC_MUN1,2024-09-13,5.0,5.0,False,0.0,
1246,IXD_PAR,FC_MUN1,2024-09-16,5.0,3.9,False,0.0,
1247,IXD_PAR,FC_MUN1,2024-09-19,5.0,4.9,False,0.0,
1248,IXD_PAR,FC_MUN1,2024-09-22,5.0,4.9,False,0.0,
1249,IXD_PAR,FC_MUN1,2024-09-25,5.0,4.4,False,0.0,
1250,IXD_PAR,FC_MUN1,2024-09-28,5.0,4.8,False,0.0,
1251,IXD_PAR,FC_MUN1,2024-10-01,5.0,4.1,False,0.0,
1252,IXD_PAR,FC_MUN1,2024-10-04,5.0,6.2,True,1.2,customs_hold
1253,IXD_PAR,FC_MUN1,2024-10-07,5.0,4.7,False,0.0,
1254,IXD_PAR,FC_MUN1,2024-10-10,5.0,3.4,False,0.0,
1255,IXD_PAR,FC_MUN1,2024-10-13,5.0,3.6,False,0.0,
1256,IXD_PAR,FC_MUN1,2024-10-16,5.0,4.7,False,0.0,
1257,IXD_PAR,FC_MUN1,2024-10-19,5.0,3.9,False,0.0,
1258,IXD_PAR,FC_MUN1,2024-10-22,5.0,4.8,False,0.0,
1259,IXD_PAR,FC_MUN1,2024-10-25,5.0,3.6,False,0.0,
1260,IXD_PAR,FC_MUN1,2024-10-28,5.0,5.5,True,0.5,port_congestion
1261,IXD_PAR,FC_MUN1,2024-10-31,5.0,4.5,False,0.0,
1262,IXD_PAR,FC_MUN1,2024-11-03,5.0,4.5,False,0.0,
1263,IXD_PAR,FC_MUN1,2024-11-06,5.0,4.7,False,0.0,
1264,IXD_PAR,FC_MUN1,2024-11-09,5.0,4.7,False,0.0,
1265,IXD_PAR,FC_MUN1,2024-11-12,5.0,5.1,True,0.1,customs_hold
1266,IXD_PAR,FC_MUN1,2024-11-15,5.0,6.2,True,1.2,weather
1267,IXD_PAR,FC_MUN1,2024-11-18,5.0,4.5,False,0.0,
1268,IXD_PAR,FC_MUN1,2024-11-21,5.0,4.3,False,0.0,
1269,IXD_PAR,FC_MUN1,2024-11-24,5.0,4.3,False,0.0,
1270,IXD_PAR,FC_MUN1,2024-11-27,5.0,6.2,True,1.2,customs_hold
1271,IXD_PAR,FC_MUN1,2024-11-30,5.0,2.7,False,0.0,
1272,IXD_PAR,FC_MUN1,2024-12-03,5.0,2.7,False,0.0,
1273,IXD_PAR,FC_MUN1,2024-12-06,5.0,5.6,True,0.6,weather
1274,IXD_PAR,FC_MUN1,2024-12-09,5.0,5.7,True,0.7,weather
1275,IXD_PAR,FC_MUN1,2024-12-12,5.0,5.0,False,0.0,
1276,IXD_PAR,FC_MUN1,2024-12-15,5.0,4.9,False,0.0,
1277,IXD_PAR,FC_MUN1,2024-12-18,5.0,4.4,False,0.0,
1278,IXD_PAR,FC_MUN1,2024-12-21,5.0,3.2,False,0.0,
1279,IXD_PAR,FC_MUN1,2024-12-24,5.0,4.9,False,0.0,
1280,IXD_PAR,FC_MUN1,2024-12-27,5.0,6.3,True,1.3,driver_shortage
